filename,label
0.pgm,1
1.pgm,1
2.pgm,1
3.pgm,1
4.pgm,1
5.pgm,1
6.pgm,1
7.pgm,1
8.pgm,1
9.pgm,1
10.pgm,1
11.pgm,1
12.pgm,1
13.pgm,1
14.pgm,1
15.pgm,1
16.pgm,1
17.pgm,1
18.pgm,1
19.pgm,1
20.pgm,1
21.pgm,1
22.pgm,1
23.pgm,1
24.pgm,1
25.pgm,1
26.pgm,1
27.pgm,1
28.pgm,1
29.pgm,1
30.pgm,1
31.pgm,1
32.pgm,1
33.pgm,1
34.pgm,1
35.pgm,1
36.pgm,1
37.pgm,1
38.pgm,1
39.pgm,1
40.pgm,1
41.pgm,1
42.pgm,1
43.pgm,1
44.pgm,1
45.pgm,1
46.pgm,1
47.pgm,1
48.pgm,1
49.pgm,1
50.pgm,1
51.pgm,1
52.pgm,1
53.pgm,1
54.pgm,1
55.pgm,1
56.pgm,1
57.pgm,1
58.pgm,1
59.pgm,1
60.pgm,1
61.pgm,1
62.pgm,1
63.pgm,1
64.pgm,1
65.pgm,1
66.pgm,1
67.pgm,1
68.pgm,1
69.pgm,1
70.pgm,1
71.pgm,1
72.pgm,1
73.pgm,1
74.pgm,1
75.pgm,1
76.pgm,1
77.pgm,1
78.pgm,1
79.pgm,1
80.pgm,1
81.pgm,1
82.pgm,1
83.pgm,1
84.pgm,1
85.pgm,1
86.pgm,1
87.pgm,1
88.pgm,1
89.pgm,1
90.pgm,1
91.pgm,1
92.pgm,1
93.pgm,1
94.pgm,1
95.pgm,1
96.pgm,1
97.pgm,1
98.pgm,1
99.pgm,1
100.pgm,1
101.pgm,1
102.pgm,1
103.pgm,1
104.pgm,1
105.pgm,1
106.pgm,1
107.pgm,1
108.pgm,1
109.pgm,1
110.pgm,1
111.pgm,1
112.pgm,1
113.pgm,1
114.pgm,1
115.pgm,1
116.pgm,1
117.pgm,1
118.pgm,1
119.pgm,1
120.pgm,1
121.pgm,1
122.pgm,1
123.pgm,1
124.pgm,1
125.pgm,1
126.pgm,1
127.pgm,1
128.pgm,1
129.pgm,1
130.pgm,1
131.pgm,1
132.pgm,1
133.pgm,1
134.pgm,1
135.pgm,1
136.pgm,1
137.pgm,1
138.pgm,1
139.pgm,1
140.pgm,1
141.pgm,1
142.pgm,1
143.pgm,1
144.pgm,1
145.pgm,1
146.pgm,1
147.pgm,1
148.pgm,1
149.pgm,1
150.pgm,1
151.pgm,1
152.pgm,1
153.pgm,1
154.pgm,1
155.pgm,1
156.pgm,1
157.pgm,1
158.pgm,1
159.pgm,1
160.pgm,1
161.pgm,1
162.pgm,1
163.pgm,1
164.pgm,1
165.pgm,1
166.pgm,1
167.pgm,1
168.pgm,1
169.pgm,1
170.pgm,1
171.pgm,1
172.pgm,1
173.pgm,1
174.pgm,1
175.pgm,1
176.pgm,1
177.pgm,1
178.pgm,1
179.pgm,1
180.pgm,1
181.pgm,1
182.pgm,1
183.pgm,1
184.pgm,1
185.pgm,1
186.pgm,1
187.pgm,1
188.pgm,1
189.pgm,1
190.pgm,1
191.pgm,1
192.pgm,1
193.pgm,1
194.pgm,1
195.pgm,1
196.pgm,1
197.pgm,1
198.pgm,1
199.pgm,1
200.pgm,1
201.pgm,1
202.pgm,1
203.pgm,1
204.pgm,1
205.pgm,1
206.pgm,1
207.pgm,1
208.pgm,1
209.pgm,1
210.pgm,1
211.pgm,1
212.pgm,1
213.pgm,1
214.pgm,1
215.pgm,1
216.pgm,1
217.pgm,1
218.pgm,1
219.pgm,1
220.pgm,1
221.pgm,1
222.pgm,1
223.pgm,1
224.pgm,1
225.pgm,1
226.pgm,1
227.pgm,1
228.pgm,1
229.pgm,1
230.pgm,1
231.pgm,1
232.pgm,1
233.pgm,1
234.pgm,1
235.pgm,1
236.pgm,1
237.pgm,1
238.pgm,1
239.pgm,1
240.pgm,1
241.pgm,1
242.pgm,1
243.pgm,1
244.pgm,1
245.pgm,1
246.pgm,1
247.pgm,1
248.pgm,1
249.pgm,1
250.pgm,1
251.pgm,1
252.pgm,1
253.pgm,1
254.pgm,1
255.pgm,1
256.pgm,1
257.pgm,1
258.pgm,1
259.pgm,1
260.pgm,1
261.pgm,1
262.pgm,1
263.pgm,1
264.pgm,1
265.pgm,1
266.pgm,1
267.pgm,1
268.pgm,1
269.pgm,1
270.pgm,1
271.pgm,1
272.pgm,1
273.pgm,1
274.pgm,1
275.pgm,1
276.pgm,1
277.pgm,1
278.pgm,1
279.pgm,1
280.pgm,1
281.pgm,1
282.pgm,1
283.pgm,1
284.pgm,1
285.pgm,1
286.pgm,1
287.pgm,1
288.pgm,1
289.pgm,1
290.pgm,1
291.pgm,1
292.pgm,1
293.pgm,1
294.pgm,1
295.pgm,1
296.pgm,1
297.pgm,1
298.pgm,1
299.pgm,1
300.pgm,1
301.pgm,1
302.pgm,1
303.pgm,1
304.pgm,1
305.pgm,1
306.pgm,1
307.pgm,1
308.pgm,1
309.pgm,1
310.pgm,1
311.pgm,1
312.pgm,1
313.pgm,1
314.pgm,1
315.pgm,1
316.pgm,1
317.pgm,1
318.pgm,1
319.pgm,1
320.pgm,1
321.pgm,1
322.pgm,1
323.pgm,1
324.pgm,1
325.pgm,1
326.pgm,1
327.pgm,1
328.pgm,1
329.pgm,1
330.pgm,1
331.pgm,1
332.pgm,1
333.pgm,1
334.pgm,1
335.pgm,1
336.pgm,1
337.pgm,1
338.pgm,1
339.pgm,1
340.pgm,1
341.pgm,1
342.pgm,1
343.pgm,1
344.pgm,1
345.pgm,1
346.pgm,1
347.pgm,1
348.pgm,1
349.pgm,1
350.pgm,1
351.pgm,1
352.pgm,1
353.pgm,1
354.pgm,1
355.pgm,1
356.pgm,1
357.pgm,1
358.pgm,1
359.pgm,1
360.pgm,1
361.pgm,1
362.pgm,1
363.pgm,1
364.pgm,1
365.pgm,1
366.pgm,1
367.pgm,1
368.pgm,1
369.pgm,1
370.pgm,1
371.pgm,1
372.pgm,1
373.pgm,1
374.pgm,1
375.pgm,1
376.pgm,1
377.pgm,1
378.pgm,1
379.pgm,1
380.pgm,1
381.pgm,1
382.pgm,1
383.pgm,1
384.pgm,1
385.pgm,1
386.pgm,1
387.pgm,1
388.pgm,1
389.pgm,1
390.pgm,1
391.pgm,1
392.pgm,1
393.pgm,1
394.pgm,1
395.pgm,1
396.pgm,1
397.pgm,1
398.pgm,1
399.pgm,1
400.pgm,1
401.pgm,1
402.pgm,1
403.pgm,1
404.pgm,1
405.pgm,1
406.pgm,1
407.pgm,1
408.pgm,1
409.pgm,1
410.pgm,1
411.pgm,1
412.pgm,1
413.pgm,1
414.pgm,1
415.pgm,1
416.pgm,1
417.pgm,1
418.pgm,1
419.pgm,1
420.pgm,1
421.pgm,1
422.pgm,1
423.pgm,1
424.pgm,1
425.pgm,1
426.pgm,1
427.pgm,1
428.pgm,1
429.pgm,1
430.pgm,1
431.pgm,1
432.pgm,1
433.pgm,1
434.pgm,1
435.pgm,1
436.pgm,1
437.pgm,1
438.pgm,1
439.pgm,1
440.pgm,1
441.pgm,1
442.pgm,1
443.pgm,1
444.pgm,1
445.pgm,1
446.pgm,1
447.pgm,1
448.pgm,1
449.pgm,1
450.pgm,1
451.pgm,1
452.pgm,1
453.pgm,1
454.pgm,1
455.pgm,1
456.pgm,1
457.pgm,1
458.pgm,1
459.pgm,1
460.pgm,1
461.pgm,1
462.pgm,1
463.pgm,1
464.pgm,1
465.pgm,1
466.pgm,1
467.pgm,1
468.pgm,1
469.pgm,1
470.pgm,1
471.pgm,1
472.pgm,1
473.pgm,1
474.pgm,1
475.pgm,1
476.pgm,1
477.pgm,1
478.pgm,1
479.pgm,1
480.pgm,1
481.pgm,1
482.pgm,1
483.pgm,1
484.pgm,1
485.pgm,1
486.pgm,1
487.pgm,1
488.pgm,1
489.pgm,1
490.pgm,1
491.pgm,1
492.pgm,1
493.pgm,1
494.pgm,1
495.pgm,1
496.pgm,1
497.pgm,1
498.pgm,1
499.pgm,1
500.pgm,1
501.pgm,1
502.pgm,1
503.pgm,1
504.pgm,1
505.pgm,1
506.pgm,1
507.pgm,1
508.pgm,1
509.pgm,1
510.pgm,1
511.pgm,1
512.pgm,1
513.pgm,1
514.pgm,1
515.pgm,1
516.pgm,1
517.pgm,1
518.pgm,1
519.pgm,1
520.pgm,1
521.pgm,1
522.pgm,1
523.pgm,1
524.pgm,1
525.pgm,1
526.pgm,1
527.pgm,1
528.pgm,1
529.pgm,1
530.pgm,1
531.pgm,1
532.pgm,1
533.pgm,1
534.pgm,1
535.pgm,1
536.pgm,1
537.pgm,1
538.pgm,1
539.pgm,1
540.pgm,1
541.pgm,1
542.pgm,1
543.pgm,1
544.pgm,1
545.pgm,1
546.pgm,1
547.pgm,1
548.pgm,1
549.pgm,1
550.pgm,1
551.pgm,1
552.pgm,1
553.pgm,1
554.pgm,1
555.pgm,1
556.pgm,1
557.pgm,1
558.pgm,1
559.pgm,1
560.pgm,1
561.pgm,1
562.pgm,1
563.pgm,1
564.pgm,1
565.pgm,1
566.pgm,1
567.pgm,1
568.pgm,1
569.pgm,1
570.pgm,1
571.pgm,1
572.pgm,1
573.pgm,1
574.pgm,1
575.pgm,1
576.pgm,1
577.pgm,1
578.pgm,1
579.pgm,1
580.pgm,1
581.pgm,1
582.pgm,1
583.pgm,1
584.pgm,1
585.pgm,1
586.pgm,1
587.pgm,1
588.pgm,1
589.pgm,1
590.pgm,1
591.pgm,1
592.pgm,1
593.pgm,1
594.pgm,1
595.pgm,1
596.pgm,1
597.pgm,1
598.pgm,1
599.pgm,1
600.pgm,1
601.pgm,1
602.pgm,1
603.pgm,1
604.pgm,1
605.pgm,1
606.pgm,1
607.pgm,1
608.pgm,1
609.pgm,1
610.pgm,1
611.pgm,1
612.pgm,1
613.pgm,1
614.pgm,1
615.pgm,1
616.pgm,1
617.pgm,1
618.pgm,1
619.pgm,1
620.pgm,1
621.pgm,1
622.pgm,1
623.pgm,1
624.pgm,1
625.pgm,1
626.pgm,1
627.pgm,1
628.pgm,1
629.pgm,1
630.pgm,1
631.pgm,1
632.pgm,1
633.pgm,1
634.pgm,1
635.pgm,1
636.pgm,1
637.pgm,1
638.pgm,1
639.pgm,1
640.pgm,1
641.pgm,1
642.pgm,1
643.pgm,1
644.pgm,1
645.pgm,1
646.pgm,1
647.pgm,1
648.pgm,1
649.pgm,1
650.pgm,1
651.pgm,1
652.pgm,1
653.pgm,1
654.pgm,1
655.pgm,1
656.pgm,1
657.pgm,1
658.pgm,1
659.pgm,1
660.pgm,1
661.pgm,1
662.pgm,1
663.pgm,1
664.pgm,1
665.pgm,1
666.pgm,1
667.pgm,1
668.pgm,1
669.pgm,1
670.pgm,1
671.pgm,1
672.pgm,1
673.pgm,1
674.pgm,1
675.pgm,1
676.pgm,1
677.pgm,1
678.pgm,1
679.pgm,1
680.pgm,1
681.pgm,1
682.pgm,1
683.pgm,1
684.pgm,1
685.pgm,1
686.pgm,1
687.pgm,1
688.pgm,1
689.pgm,1
690.pgm,1
691.pgm,1
692.pgm,1
693.pgm,1
694.pgm,1
695.pgm,1
696.pgm,1
697.pgm,1
698.pgm,1
699.pgm,1
700.pgm,1
701.pgm,1
702.pgm,1
703.pgm,1
704.pgm,1
705.pgm,1
706.pgm,1
707.pgm,1
708.pgm,1
709.pgm,1
710.pgm,1
711.pgm,1
712.pgm,1
713.pgm,1
714.pgm,1
715.pgm,1
716.pgm,1
717.pgm,1
718.pgm,1
719.pgm,1
720.pgm,1
721.pgm,1
722.pgm,1
723.pgm,1
724.pgm,1
725.pgm,1
726.pgm,1
727.pgm,1
728.pgm,1
729.pgm,1
730.pgm,1
731.pgm,1
732.pgm,1
733.pgm,1
734.pgm,1
735.pgm,1
736.pgm,1
737.pgm,1
738.pgm,1
739.pgm,1
740.pgm,1
741.pgm,1
742.pgm,1
743.pgm,1
744.pgm,1
745.pgm,1
746.pgm,1
747.pgm,1
748.pgm,1
749.pgm,1
750.pgm,1
751.pgm,1
752.pgm,1
753.pgm,1
754.pgm,1
755.pgm,1
756.pgm,1
757.pgm,1
758.pgm,1
759.pgm,1
760.pgm,1
761.pgm,1
762.pgm,1
763.pgm,1
764.pgm,1
765.pgm,1
766.pgm,1
767.pgm,1
768.pgm,1
769.pgm,1
770.pgm,1
771.pgm,1
772.pgm,1
773.pgm,1
774.pgm,1
775.pgm,1
776.pgm,1
777.pgm,1
778.pgm,1
779.pgm,1
780.pgm,1
781.pgm,1
782.pgm,1
783.pgm,1
784.pgm,1
785.pgm,1
786.pgm,1
787.pgm,1
788.pgm,1
789.pgm,1
790.pgm,1
791.pgm,1
792.pgm,1
793.pgm,1
794.pgm,1
795.pgm,1
796.pgm,1
797.pgm,1
798.pgm,1
799.pgm,1
800.pgm,1
801.pgm,1
802.pgm,1
803.pgm,1
804.pgm,1
805.pgm,1
806.pgm,1
807.pgm,1
808.pgm,1
809.pgm,1
810.pgm,1
811.pgm,1
812.pgm,1
813.pgm,1
814.pgm,1
815.pgm,1
816.pgm,1
817.pgm,1
818.pgm,1
819.pgm,1
820.pgm,1
821.pgm,1
822.pgm,1
823.pgm,1
824.pgm,1
825.pgm,1
826.pgm,1
827.pgm,1
828.pgm,1
829.pgm,1
830.pgm,1
831.pgm,1
832.pgm,1
833.pgm,1
834.pgm,1
835.pgm,1
836.pgm,1
837.pgm,1
838.pgm,1
839.pgm,1
840.pgm,1
841.pgm,1
842.pgm,1
843.pgm,1
844.pgm,1
845.pgm,1
846.pgm,1
847.pgm,1
848.pgm,1
849.pgm,1
850.pgm,1
851.pgm,1
852.pgm,1
853.pgm,1
854.pgm,1
855.pgm,1
856.pgm,1
857.pgm,1
858.pgm,1
859.pgm,1
860.pgm,1
861.pgm,1
862.pgm,1
863.pgm,1
864.pgm,1
865.pgm,1
866.pgm,1
867.pgm,1
868.pgm,1
869.pgm,1
870.pgm,1
871.pgm,1
872.pgm,1
873.pgm,1
874.pgm,1
875.pgm,1
876.pgm,1
877.pgm,1
878.pgm,1
879.pgm,1
880.pgm,1
881.pgm,1
882.pgm,1
883.pgm,1
884.pgm,1
885.pgm,1
886.pgm,1
887.pgm,1
888.pgm,1
889.pgm,1
890.pgm,1
891.pgm,1
892.pgm,1
893.pgm,1
894.pgm,1
895.pgm,1
896.pgm,1
897.pgm,1
898.pgm,1
899.pgm,1
900.pgm,1
901.pgm,1
902.pgm,1
903.pgm,1
904.pgm,1
905.pgm,1
906.pgm,1
907.pgm,1
908.pgm,1
909.pgm,1
910.pgm,1
911.pgm,1
912.pgm,1
913.pgm,1
914.pgm,1
915.pgm,1
916.pgm,1
917.pgm,1
918.pgm,1
919.pgm,1
920.pgm,1
921.pgm,1
922.pgm,1
923.pgm,1
924.pgm,1
925.pgm,1
926.pgm,1
927.pgm,1
928.pgm,1
929.pgm,1
930.pgm,1
931.pgm,1
932.pgm,1
933.pgm,1
934.pgm,1
935.pgm,1
936.pgm,1
937.pgm,1
938.pgm,1
939.pgm,1
940.pgm,1
941.pgm,1
942.pgm,1
943.pgm,1
944.pgm,1
945.pgm,1
946.pgm,1
947.pgm,1
948.pgm,1
949.pgm,1
950.pgm,1
951.pgm,1
952.pgm,1
953.pgm,1
954.pgm,1
955.pgm,1
956.pgm,1
957.pgm,1
958.pgm,1
959.pgm,1
960.pgm,1
961.pgm,1
962.pgm,1
963.pgm,1
964.pgm,1
965.pgm,1
966.pgm,1
967.pgm,1
968.pgm,1
969.pgm,1
970.pgm,1
971.pgm,1
972.pgm,1
973.pgm,1
974.pgm,1
975.pgm,1
976.pgm,1
977.pgm,1
978.pgm,1
979.pgm,1
980.pgm,1
981.pgm,1
982.pgm,1
983.pgm,1
984.pgm,1
985.pgm,1
986.pgm,1
987.pgm,1
988.pgm,1
989.pgm,1
990.pgm,1
991.pgm,1
992.pgm,1
993.pgm,1
994.pgm,1
995.pgm,1
996.pgm,1
997.pgm,1
998.pgm,1
999.pgm,1
1000.pgm,1
1001.pgm,1
1002.pgm,1
1003.pgm,1
1004.pgm,1
1005.pgm,1
1006.pgm,1
1007.pgm,1
1008.pgm,1
1009.pgm,1
1010.pgm,1
1011.pgm,1
1012.pgm,1
1013.pgm,1
1014.pgm,1
1015.pgm,1
1016.pgm,1
1017.pgm,1
1018.pgm,1
1019.pgm,1
1020.pgm,1
1021.pgm,1
1022.pgm,1
1023.pgm,1
1024.pgm,1
1025.pgm,1
1026.pgm,1
1027.pgm,1
1028.pgm,1
1029.pgm,1
1030.pgm,1
1031.pgm,1
1032.pgm,1
1033.pgm,1
1034.pgm,1
1035.pgm,1
1036.pgm,1
1037.pgm,1
1038.pgm,1
1039.pgm,1
1040.pgm,1
1041.pgm,1
1042.pgm,1
1043.pgm,1
1044.pgm,1
1045.pgm,1
1046.pgm,1
1047.pgm,1
1048.pgm,1
1049.pgm,1
1050.pgm,1
1051.pgm,1
1052.pgm,1
1053.pgm,1
1054.pgm,1
1055.pgm,1
1056.pgm,1
1057.pgm,1
1058.pgm,1
1059.pgm,1
1060.pgm,1
1061.pgm,1
1062.pgm,1
1063.pgm,1
1064.pgm,1
1065.pgm,1
1066.pgm,1
1067.pgm,1
1068.pgm,1
1069.pgm,1
1070.pgm,1
1071.pgm,1
1072.pgm,1
1073.pgm,1
1074.pgm,1
1075.pgm,1
1076.pgm,1
1077.pgm,1
1078.pgm,1
1079.pgm,1
1080.pgm,1
1081.pgm,1
1082.pgm,1
1083.pgm,1
1084.pgm,1
1085.pgm,1
1086.pgm,1
1087.pgm,1
1088.pgm,1
1089.pgm,1
1090.pgm,1
1091.pgm,1
1092.pgm,1
1093.pgm,1
1094.pgm,1
1095.pgm,1
1096.pgm,1
1097.pgm,1
1098.pgm,1
1099.pgm,1
1100.pgm,1
1101.pgm,1
1102.pgm,1
1103.pgm,1
1104.pgm,1
1105.pgm,1
1106.pgm,1
1107.pgm,1
1108.pgm,1
1109.pgm,1
1110.pgm,1
1111.pgm,1
1112.pgm,1
1113.pgm,1
1114.pgm,1
1115.pgm,1
1116.pgm,1
1117.pgm,1
1118.pgm,1
1119.pgm,1
1120.pgm,1
1121.pgm,1
1122.pgm,1
1123.pgm,1
1124.pgm,1
1125.pgm,1
1126.pgm,1
1127.pgm,1
1128.pgm,1
1129.pgm,1
1130.pgm,1
1131.pgm,1
1132.pgm,1
1133.pgm,1
1134.pgm,1
1135.pgm,1
1136.pgm,1
1137.pgm,1
1138.pgm,1
1139.pgm,1
1140.pgm,1
1141.pgm,1
1142.pgm,1
1143.pgm,1
1144.pgm,1
1145.pgm,1
1146.pgm,1
1147.pgm,1
1148.pgm,1
1149.pgm,1
1150.pgm,1
1151.pgm,1
1152.pgm,1
1153.pgm,1
1154.pgm,1
1155.pgm,1
1156.pgm,1
1157.pgm,1
1158.pgm,1
1159.pgm,1
1160.pgm,1
1161.pgm,1
1162.pgm,1
1163.pgm,1
1164.pgm,1
1165.pgm,1
1166.pgm,1
1167.pgm,1
1168.pgm,1
1169.pgm,1
1170.pgm,1
1171.pgm,1
1172.pgm,1
1173.pgm,1
1174.pgm,1
1175.pgm,1
1176.pgm,1
1177.pgm,1
1178.pgm,1
1179.pgm,1
1180.pgm,1
1181.pgm,1
1182.pgm,1
1183.pgm,1
1184.pgm,1
1185.pgm,1
1186.pgm,1
1187.pgm,1
1188.pgm,1
1189.pgm,1
1190.pgm,1
1191.pgm,1
1192.pgm,1
1193.pgm,1
1194.pgm,1
1195.pgm,1
1196.pgm,1
1197.pgm,1
1198.pgm,1
1199.pgm,1
1200.pgm,1
1201.pgm,1
1202.pgm,1
1203.pgm,1
1204.pgm,1
1205.pgm,1
1206.pgm,1
1207.pgm,1
1208.pgm,1
1209.pgm,1
1210.pgm,1
1211.pgm,1
1212.pgm,1
1213.pgm,1
1214.pgm,1
1215.pgm,1
1216.pgm,1
1217.pgm,1
1218.pgm,1
1219.pgm,1
1220.pgm,1
1221.pgm,1
1222.pgm,1
1223.pgm,1
1224.pgm,1
1225.pgm,1
1226.pgm,1
1227.pgm,1
1228.pgm,1
1229.pgm,1
1230.pgm,1
1231.pgm,1
1232.pgm,1
1233.pgm,1
1234.pgm,1
1235.pgm,1
1236.pgm,1
1237.pgm,1
1238.pgm,1
1239.pgm,1
1240.pgm,1
1241.pgm,1
1242.pgm,1
1243.pgm,1
1244.pgm,1
1245.pgm,1
1246.pgm,1
1247.pgm,1
1248.pgm,1
1249.pgm,1
1250.pgm,1
1251.pgm,1
1252.pgm,1
1253.pgm,1
1254.pgm,1
1255.pgm,1
1256.pgm,1
1257.pgm,1
1258.pgm,1
1259.pgm,1
1260.pgm,1
1261.pgm,1
1262.pgm,1
1263.pgm,1
1264.pgm,1
1265.pgm,1
1266.pgm,1
1267.pgm,1
1268.pgm,1
1269.pgm,1
1270.pgm,1
1271.pgm,1
1272.pgm,1
1273.pgm,1
1274.pgm,1
1275.pgm,1
1276.pgm,1
1277.pgm,1
1278.pgm,1
1279.pgm,1
1280.pgm,1
1281.pgm,1
1282.pgm,1
1283.pgm,1
1284.pgm,1
1285.pgm,1
1286.pgm,1
1287.pgm,1
1288.pgm,1
1289.pgm,1
1290.pgm,1
1291.pgm,1
1292.pgm,1
1293.pgm,1
1294.pgm,1
1295.pgm,1
1296.pgm,1
1297.pgm,1
1298.pgm,1
1299.pgm,1
1300.pgm,1
1301.pgm,1
1302.pgm,1
1303.pgm,1
1304.pgm,1
1305.pgm,1
1306.pgm,1
1307.pgm,1
1308.pgm,1
1309.pgm,1
1310.pgm,1
1311.pgm,1
1312.pgm,1
1313.pgm,1
1314.pgm,1
1315.pgm,1
1316.pgm,1
1317.pgm,1
1318.pgm,1
1319.pgm,1
1320.pgm,1
1321.pgm,1
1322.pgm,1
1323.pgm,1
1324.pgm,1
1325.pgm,1
1326.pgm,1
1327.pgm,1
1328.pgm,1
1329.pgm,1
1330.pgm,1
1331.pgm,1
1332.pgm,1
1333.pgm,1
1334.pgm,1
1335.pgm,1
1336.pgm,1
1337.pgm,1
1338.pgm,1
1339.pgm,1
1340.pgm,1
1341.pgm,1
1342.pgm,1
1343.pgm,1
1344.pgm,1
1345.pgm,1
1346.pgm,1
1347.pgm,1
1348.pgm,1
1349.pgm,1
1350.pgm,1
1351.pgm,1
1352.pgm,1
1353.pgm,1
1354.pgm,1
1355.pgm,1
1356.pgm,1
1357.pgm,1
1358.pgm,1
1359.pgm,1
1360.pgm,1
1361.pgm,1
1362.pgm,1
1363.pgm,1
1364.pgm,1
1365.pgm,1
1366.pgm,1
1367.pgm,1
1368.pgm,1
1369.pgm,1
1370.pgm,1
1371.pgm,1
1372.pgm,1
1373.pgm,1
1374.pgm,1
1375.pgm,1
1376.pgm,1
1377.pgm,1
1378.pgm,1
1379.pgm,1
1380.pgm,1
1381.pgm,1
1382.pgm,1
1383.pgm,1
1384.pgm,1
1385.pgm,1
1386.pgm,1
1387.pgm,1
1388.pgm,1
1389.pgm,1
1390.pgm,1
1391.pgm,1
1392.pgm,1
1393.pgm,1
1394.pgm,1
1395.pgm,1
1396.pgm,1
1397.pgm,1
1398.pgm,1
1399.pgm,1
1400.pgm,1
1401.pgm,1
1402.pgm,1
1403.pgm,1
1404.pgm,1
1405.pgm,1
1406.pgm,1
1407.pgm,1
1408.pgm,1
1409.pgm,1
1410.pgm,1
1411.pgm,1
1412.pgm,1
1413.pgm,1
1414.pgm,1
1415.pgm,1
1416.pgm,1
1417.pgm,1
1418.pgm,1
1419.pgm,1
1420.pgm,1
1421.pgm,1
1422.pgm,1
1423.pgm,1
1424.pgm,1
1425.pgm,1
1426.pgm,1
1427.pgm,1
1428.pgm,1
1429.pgm,1
1430.pgm,1
1431.pgm,1
1432.pgm,1
1433.pgm,1
1434.pgm,1
1435.pgm,1
1436.pgm,1
1437.pgm,1
1438.pgm,1
1439.pgm,1
1440.pgm,1
1441.pgm,1
1442.pgm,1
1443.pgm,1
1444.pgm,1
1445.pgm,1
1446.pgm,1
1447.pgm,1
1448.pgm,1
1449.pgm,1
1450.pgm,1
1451.pgm,1
1452.pgm,1
1453.pgm,1
1454.pgm,1
1455.pgm,1
1456.pgm,1
1457.pgm,1
1458.pgm,1
1459.pgm,1
1460.pgm,1
1461.pgm,1
1462.pgm,1
1463.pgm,1
1464.pgm,1
1465.pgm,1
1466.pgm,1
1467.pgm,1
1468.pgm,1
1469.pgm,1
1470.pgm,1
1471.pgm,1
1472.pgm,1
1473.pgm,1
1474.pgm,1
1475.pgm,1
1476.pgm,1
1477.pgm,1
1478.pgm,1
1479.pgm,1
1480.pgm,1
1481.pgm,1
1482.pgm,1
1483.pgm,1
1484.pgm,1
1485.pgm,1
1486.pgm,1
1487.pgm,1
1488.pgm,1
1489.pgm,1
1490.pgm,1
1491.pgm,1
1492.pgm,1
1493.pgm,1
1494.pgm,1
1495.pgm,1
1496.pgm,1
1497.pgm,1
1498.pgm,1
1499.pgm,1
1500.pgm,1
1501.pgm,1
1502.pgm,1
1503.pgm,1
1504.pgm,1
1505.pgm,1
1506.pgm,1
1507.pgm,1
1508.pgm,1
1509.pgm,1
1510.pgm,1
1511.pgm,1
1512.pgm,1
1513.pgm,1
1514.pgm,1
1515.pgm,1
1516.pgm,1
1517.pgm,1
1518.pgm,1
1519.pgm,1
1520.pgm,1
1521.pgm,1
1522.pgm,1
1523.pgm,1
1524.pgm,1
1525.pgm,1
1526.pgm,1
1527.pgm,1
1528.pgm,1
1529.pgm,1
1530.pgm,1
1531.pgm,1
1532.pgm,1
1533.pgm,1
1534.pgm,1
1535.pgm,1
1536.pgm,1
1537.pgm,1
1538.pgm,1
1539.pgm,1
1540.pgm,1
1541.pgm,1
1542.pgm,1
1543.pgm,1
1544.pgm,1
1545.pgm,1
1546.pgm,1
1547.pgm,1
1548.pgm,1
1549.pgm,1
1550.pgm,1
1551.pgm,1
1552.pgm,1
1553.pgm,1
1554.pgm,1
1555.pgm,1
1556.pgm,1
1557.pgm,1
1558.pgm,1
1559.pgm,1
1560.pgm,1
1561.pgm,1
1562.pgm,1
1563.pgm,1
1564.pgm,1
1565.pgm,1
1566.pgm,1
1567.pgm,1
1568.pgm,1
1569.pgm,1
1570.pgm,1
1571.pgm,1
1572.pgm,1
1573.pgm,1
1574.pgm,1
1575.pgm,1
1576.pgm,1
1577.pgm,1
1578.pgm,1
1579.pgm,1
1580.pgm,1
1581.pgm,1
1582.pgm,1
1583.pgm,1
1584.pgm,1
1585.pgm,1
1586.pgm,1
1587.pgm,1
1588.pgm,1
1589.pgm,1
1590.pgm,1
1591.pgm,1
1592.pgm,1
1593.pgm,1
1594.pgm,1
1595.pgm,1
1596.pgm,1
1597.pgm,1
1598.pgm,1
1599.pgm,1
1600.pgm,1
1601.pgm,1
1602.pgm,1
1603.pgm,1
1604.pgm,1
1605.pgm,1
1606.pgm,1
1607.pgm,1
1608.pgm,1
1609.pgm,1
1610.pgm,1
1611.pgm,1
1612.pgm,1
1613.pgm,1
1614.pgm,1
1615.pgm,1
1616.pgm,1
1617.pgm,1
1618.pgm,1
1619.pgm,1
1620.pgm,1
1621.pgm,1
1622.pgm,1
1623.pgm,1
1624.pgm,1
1625.pgm,1
1626.pgm,1
1627.pgm,1
1628.pgm,1
1629.pgm,1
1630.pgm,1
1631.pgm,1
1632.pgm,1
1633.pgm,1
1634.pgm,1
1635.pgm,1
1636.pgm,1
1637.pgm,1
1638.pgm,1
1639.pgm,1
1640.pgm,1
1641.pgm,1
1642.pgm,1
1643.pgm,1
1644.pgm,1
1645.pgm,1
1646.pgm,1
1647.pgm,1
1648.pgm,1
1649.pgm,1
1650.pgm,1
1651.pgm,1
1652.pgm,1
1653.pgm,1
1654.pgm,1
1655.pgm,1
1656.pgm,1
1657.pgm,1
1658.pgm,1
1659.pgm,1
1660.pgm,1
1661.pgm,1
1662.pgm,1
1663.pgm,1
1664.pgm,1
1665.pgm,1
1666.pgm,1
1667.pgm,1
1668.pgm,1
1669.pgm,1
1670.pgm,1
1671.pgm,1
1672.pgm,1
1673.pgm,1
1674.pgm,1
1675.pgm,1
1676.pgm,1
1677.pgm,1
1678.pgm,1
1679.pgm,1
1680.pgm,1
1681.pgm,1
1682.pgm,1
1683.pgm,1
1684.pgm,1
1685.pgm,1
1686.pgm,1
1687.pgm,1
1688.pgm,1
1689.pgm,1
1690.pgm,1
1691.pgm,1
1692.pgm,1
1693.pgm,1
1694.pgm,1
1695.pgm,1
1696.pgm,1
1697.pgm,1
1698.pgm,1
1699.pgm,1
1700.pgm,1
1701.pgm,1
1702.pgm,1
1703.pgm,1
1704.pgm,1
1705.pgm,1
1706.pgm,1
1707.pgm,1
1708.pgm,1
1709.pgm,1
1710.pgm,1
1711.pgm,1
1712.pgm,1
1713.pgm,1
1714.pgm,1
1715.pgm,1
1716.pgm,1
1717.pgm,1
1718.pgm,1
1719.pgm,1
1720.pgm,1
1721.pgm,1
1722.pgm,1
1723.pgm,1
1724.pgm,1
1725.pgm,1
1726.pgm,1
1727.pgm,1
1728.pgm,1
1729.pgm,1
1730.pgm,1
1731.pgm,1
1732.pgm,1
1733.pgm,1
1734.pgm,1
1735.pgm,1
1736.pgm,1
1737.pgm,1
1738.pgm,1
1739.pgm,1
1740.pgm,1
1741.pgm,1
1742.pgm,1
1743.pgm,1
1744.pgm,1
1745.pgm,1
1746.pgm,1
1747.pgm,1
1748.pgm,1
1749.pgm,1
1750.pgm,1
1751.pgm,1
1752.pgm,1
1753.pgm,1
1754.pgm,1
1755.pgm,1
1756.pgm,1
1757.pgm,1
1758.pgm,1
1759.pgm,1
1760.pgm,1
1761.pgm,1
1762.pgm,1
1763.pgm,1
1764.pgm,1
1765.pgm,1
1766.pgm,1
1767.pgm,1
1768.pgm,1
1769.pgm,1
1770.pgm,1
1771.pgm,1
1772.pgm,1
1773.pgm,1
1774.pgm,1
1775.pgm,1
1776.pgm,1
1777.pgm,1
1778.pgm,1
1779.pgm,1
1780.pgm,1
1781.pgm,1
1782.pgm,1
1783.pgm,1
1784.pgm,1
1785.pgm,1
1786.pgm,1
1787.pgm,1
1788.pgm,1
1789.pgm,1
1790.pgm,1
1791.pgm,1
1792.pgm,1
1793.pgm,1
1794.pgm,1
1795.pgm,1
1796.pgm,1
1797.pgm,1
1798.pgm,1
1799.pgm,1
1800.pgm,1
1801.pgm,1
1802.pgm,1
1803.pgm,1
1804.pgm,1
1805.pgm,1
1806.pgm,1
1807.pgm,1
1808.pgm,1
1809.pgm,1
1810.pgm,1
1811.pgm,1
1812.pgm,1
1813.pgm,1
1814.pgm,1
1815.pgm,1
1816.pgm,1
1817.pgm,1
1818.pgm,1
1819.pgm,1
1820.pgm,1
1821.pgm,1
1822.pgm,1
1823.pgm,1
1824.pgm,1
1825.pgm,1
1826.pgm,1
1827.pgm,1
1828.pgm,1
1829.pgm,1
1830.pgm,1
1831.pgm,1
1832.pgm,1
1833.pgm,1
1834.pgm,1
1835.pgm,1
1836.pgm,1
1837.pgm,1
1838.pgm,1
1839.pgm,1
1840.pgm,1
1841.pgm,1
1842.pgm,1
1843.pgm,1
1844.pgm,1
1845.pgm,1
1846.pgm,1
1847.pgm,1
1848.pgm,1
1849.pgm,1
1850.pgm,1
1851.pgm,1
1852.pgm,1
1853.pgm,1
1854.pgm,1
1855.pgm,1
1856.pgm,1
1857.pgm,1
1858.pgm,1
1859.pgm,1
1860.pgm,1
1861.pgm,1
1862.pgm,1
1863.pgm,1
1864.pgm,1
1865.pgm,1
1866.pgm,1
1867.pgm,1
1868.pgm,1
1869.pgm,1
1870.pgm,1
1871.pgm,1
1872.pgm,1
1873.pgm,1
1874.pgm,1
1875.pgm,1
1876.pgm,1
1877.pgm,1
1878.pgm,1
1879.pgm,1
1880.pgm,1
1881.pgm,1
1882.pgm,1
1883.pgm,1
1884.pgm,1
1885.pgm,1
1886.pgm,1
1887.pgm,1
1888.pgm,1
1889.pgm,1
1890.pgm,1
1891.pgm,1
1892.pgm,1
1893.pgm,1
1894.pgm,1
1895.pgm,1
1896.pgm,1
1897.pgm,1
1898.pgm,1
1899.pgm,1
1900.pgm,1
1901.pgm,1
1902.pgm,1
1903.pgm,1
1904.pgm,1
1905.pgm,1
1906.pgm,1
1907.pgm,1
1908.pgm,1
1909.pgm,1
1910.pgm,1
1911.pgm,1
1912.pgm,1
1913.pgm,1
1914.pgm,1
1915.pgm,1
1916.pgm,1
1917.pgm,1
1918.pgm,1
1919.pgm,1
1920.pgm,1
1921.pgm,1
1922.pgm,1
1923.pgm,1
1924.pgm,1
1925.pgm,1
1926.pgm,1
1927.pgm,1
1928.pgm,1
1929.pgm,1
1930.pgm,1
1931.pgm,1
1932.pgm,1
1933.pgm,1
1934.pgm,1
1935.pgm,1
1936.pgm,1
1937.pgm,1
1938.pgm,1
1939.pgm,1
1940.pgm,1
1941.pgm,1
1942.pgm,1
1943.pgm,1
1944.pgm,1
1945.pgm,1
1946.pgm,1
1947.pgm,1
1948.pgm,1
1949.pgm,1
1950.pgm,1
1951.pgm,1
1952.pgm,1
1953.pgm,1
1954.pgm,1
1955.pgm,1
1956.pgm,1
1957.pgm,1
1958.pgm,1
1959.pgm,1
1960.pgm,1
1961.pgm,1
1962.pgm,1
1963.pgm,1
1964.pgm,1
1965.pgm,1
1966.pgm,1
1967.pgm,1
1968.pgm,1
1969.pgm,1
1970.pgm,1
1971.pgm,1
1972.pgm,1
1973.pgm,1
1974.pgm,1
1975.pgm,1
1976.pgm,1
1977.pgm,1
1978.pgm,1
1979.pgm,1
1980.pgm,1
1981.pgm,1
1982.pgm,1
1983.pgm,1
1984.pgm,1
1985.pgm,1
1986.pgm,1
1987.pgm,1
1988.pgm,1
1989.pgm,1
1990.pgm,1
1991.pgm,1
1992.pgm,1
1993.pgm,1
1994.pgm,1
1995.pgm,1
1996.pgm,1
1997.pgm,1
1998.pgm,1
1999.pgm,1
2000.pgm,1
2001.pgm,1
2002.pgm,1
2003.pgm,1
2004.pgm,1
2005.pgm,1
2006.pgm,1
2007.pgm,1
2008.pgm,1
2009.pgm,1
2010.pgm,1
2011.pgm,1
2012.pgm,1
2013.pgm,1
2014.pgm,1
2015.pgm,1
2016.pgm,1
2017.pgm,1
2018.pgm,1
2019.pgm,1
2020.pgm,1
2021.pgm,1
2022.pgm,1
2023.pgm,1
2024.pgm,1
2025.pgm,1
2026.pgm,1
2027.pgm,1
2028.pgm,1
2029.pgm,1
2030.pgm,1
2031.pgm,1
2032.pgm,1
2033.pgm,1
2034.pgm,1
2035.pgm,1
2036.pgm,1
2037.pgm,1
2038.pgm,1
2039.pgm,1
2040.pgm,1
2041.pgm,1
2042.pgm,1
2043.pgm,1
2044.pgm,1
2045.pgm,1
2046.pgm,1
2047.pgm,1
2048.pgm,1
2049.pgm,1
2050.pgm,1
2051.pgm,1
2052.pgm,1
2053.pgm,1
2054.pgm,1
2055.pgm,1
2056.pgm,1
2057.pgm,1
2058.pgm,1
2059.pgm,1
2060.pgm,1
2061.pgm,1
2062.pgm,1
2063.pgm,1
2064.pgm,1
2065.pgm,1
2066.pgm,1
2067.pgm,1
2068.pgm,1
2069.pgm,1
2070.pgm,1
2071.pgm,1
2072.pgm,1
2073.pgm,1
2074.pgm,1
2075.pgm,1
2076.pgm,1
2077.pgm,1
2078.pgm,1
2079.pgm,1
2080.pgm,1
2081.pgm,1
2082.pgm,1
2083.pgm,1
2084.pgm,1
2085.pgm,1
2086.pgm,1
2087.pgm,1
2088.pgm,1
2089.pgm,1
2090.pgm,1
2091.pgm,1
2092.pgm,1
2093.pgm,1
2094.pgm,1
2095.pgm,1
2096.pgm,1
2097.pgm,1
2098.pgm,1
2099.pgm,1
2100.pgm,1
2101.pgm,1
2102.pgm,1
2103.pgm,1
2104.pgm,1
2105.pgm,1
2106.pgm,1
2107.pgm,1
2108.pgm,1
2109.pgm,1
2110.pgm,1
2111.pgm,1
2112.pgm,1
2113.pgm,1
2114.pgm,1
2115.pgm,1
2116.pgm,1
2117.pgm,1
2118.pgm,1
2119.pgm,1
2120.pgm,1
2121.pgm,1
2122.pgm,1
2123.pgm,1
2124.pgm,1
2125.pgm,1
2126.pgm,1
2127.pgm,1
2128.pgm,1
2129.pgm,1
2130.pgm,1
2131.pgm,1
2132.pgm,1
2133.pgm,1
2134.pgm,1
2135.pgm,1
2136.pgm,1
2137.pgm,1
2138.pgm,1
2139.pgm,1
2140.pgm,1
2141.pgm,1
2142.pgm,1
2143.pgm,1
2144.pgm,1
2145.pgm,1
2146.pgm,1
2147.pgm,1
2148.pgm,1
2149.pgm,1
2150.pgm,1
2151.pgm,1
2152.pgm,1
2153.pgm,1
2154.pgm,1
2155.pgm,1
2156.pgm,1
2157.pgm,1
2158.pgm,1
2159.pgm,1
2160.pgm,1
2161.pgm,1
2162.pgm,1
2163.pgm,1
2164.pgm,1
2165.pgm,1
2166.pgm,1
2167.pgm,1
2168.pgm,1
2169.pgm,1
2170.pgm,1
2171.pgm,1
2172.pgm,1
2173.pgm,1
2174.pgm,1
2175.pgm,1
2176.pgm,1
2177.pgm,1
2178.pgm,1
2179.pgm,1
2180.pgm,1
2181.pgm,1
2182.pgm,1
2183.pgm,1
2184.pgm,1
2185.pgm,1
2186.pgm,1
2187.pgm,1
2188.pgm,1
2189.pgm,1
2190.pgm,1
2191.pgm,1
2192.pgm,1
2193.pgm,1
2194.pgm,1
2195.pgm,1
2196.pgm,1
2197.pgm,1
2198.pgm,1
2199.pgm,1
2200.pgm,1
2201.pgm,1
2202.pgm,1
2203.pgm,1
2204.pgm,1
2205.pgm,1
2206.pgm,1
2207.pgm,1
2208.pgm,1
2209.pgm,1
2210.pgm,1
2211.pgm,1
2212.pgm,1
2213.pgm,1
2214.pgm,1
2215.pgm,1
2216.pgm,1
2217.pgm,1
2218.pgm,1
2219.pgm,1
2220.pgm,1
2221.pgm,1
2222.pgm,1
2223.pgm,1
2224.pgm,1
2225.pgm,1
2226.pgm,1
2227.pgm,1
2228.pgm,1
2229.pgm,1
2230.pgm,1
2231.pgm,1
2232.pgm,1
2233.pgm,1
2234.pgm,1
2235.pgm,1
2236.pgm,1
2237.pgm,1
2238.pgm,1
2239.pgm,1
2240.pgm,1
2241.pgm,1
2242.pgm,1
2243.pgm,1
2244.pgm,1
2245.pgm,1
2246.pgm,1
2247.pgm,1
2248.pgm,1
2249.pgm,1
2250.pgm,1
2251.pgm,1
2252.pgm,1
2253.pgm,1
2254.pgm,1
2255.pgm,1
2256.pgm,1
2257.pgm,1
2258.pgm,1
2259.pgm,1
2260.pgm,1
2261.pgm,1
2262.pgm,1
2263.pgm,1
2264.pgm,1
2265.pgm,1
2266.pgm,1
2267.pgm,1
2268.pgm,1
2269.pgm,1
2270.pgm,1
2271.pgm,1
2272.pgm,1
2273.pgm,1
2274.pgm,1
2275.pgm,1
2276.pgm,1
2277.pgm,1
2278.pgm,1
2279.pgm,1
2280.pgm,1
2281.pgm,1
2282.pgm,1
2283.pgm,1
2284.pgm,1
2285.pgm,1
2286.pgm,1
2287.pgm,1
2288.pgm,1
2289.pgm,1
2290.pgm,1
2291.pgm,1
2292.pgm,1
2293.pgm,1
2294.pgm,1
2295.pgm,1
2296.pgm,1
2297.pgm,1
2298.pgm,1
2299.pgm,1
2300.pgm,1
2301.pgm,1
2302.pgm,1
2303.pgm,1
2304.pgm,1
2305.pgm,1
2306.pgm,1
2307.pgm,1
2308.pgm,1
2309.pgm,1
2310.pgm,1
2311.pgm,1
2312.pgm,1
2313.pgm,1
2314.pgm,1
2315.pgm,1
2316.pgm,1
2317.pgm,1
2318.pgm,1
2319.pgm,1
2320.pgm,1
2321.pgm,1
2322.pgm,1
2323.pgm,1
2324.pgm,1
2325.pgm,1
2326.pgm,1
2327.pgm,1
2328.pgm,1
2329.pgm,1
2330.pgm,1
2331.pgm,1
2332.pgm,1
2333.pgm,1
2334.pgm,1
2335.pgm,1
2336.pgm,1
2337.pgm,1
2338.pgm,1
2339.pgm,1
2340.pgm,1
2341.pgm,1
2342.pgm,1
2343.pgm,1
2344.pgm,1
2345.pgm,1
2346.pgm,1
2347.pgm,1
2348.pgm,1
2349.pgm,1
2350.pgm,1
2351.pgm,1
2352.pgm,1
2353.pgm,1
2354.pgm,1
2355.pgm,1
2356.pgm,1
2357.pgm,1
2358.pgm,1
2359.pgm,1
2360.pgm,1
2361.pgm,1
2362.pgm,1
2363.pgm,1
2364.pgm,1
2365.pgm,1
2366.pgm,1
2367.pgm,1
2368.pgm,1
2369.pgm,1
2370.pgm,1
2371.pgm,1
2372.pgm,1
2373.pgm,1
2374.pgm,1
2375.pgm,1
2376.pgm,1
2377.pgm,1
2378.pgm,1
2379.pgm,1
2380.pgm,1
2381.pgm,1
2382.pgm,1
2383.pgm,1
2384.pgm,1
2385.pgm,1
2386.pgm,1
2387.pgm,1
2388.pgm,1
2389.pgm,1
2390.pgm,1
2391.pgm,1
2392.pgm,1
2393.pgm,1
2394.pgm,1
2395.pgm,1
2396.pgm,1
2397.pgm,1
2398.pgm,1
2399.pgm,1
2400.pgm,1
2401.pgm,1
2402.pgm,1
2403.pgm,1
2404.pgm,1
2405.pgm,1
2406.pgm,1
2407.pgm,1
2408.pgm,1
2409.pgm,1
2410.pgm,1
2411.pgm,1
2412.pgm,1
2413.pgm,1
2414.pgm,1
2415.pgm,1
2416.pgm,1
2417.pgm,1
2418.pgm,1
2419.pgm,1
2420.pgm,1
2421.pgm,1
2422.pgm,1
2423.pgm,1
2424.pgm,1
2425.pgm,1
2426.pgm,1
2427.pgm,1
2428.pgm,1
2429.pgm,0
2430.pgm,0
2431.pgm,0
2432.pgm,0
2433.pgm,0
2434.pgm,0
2435.pgm,0
2436.pgm,0
2437.pgm,0
2438.pgm,0
2439.pgm,0
2440.pgm,0
2441.pgm,0
2442.pgm,0
2443.pgm,0
2444.pgm,0
2445.pgm,0
2446.pgm,0
2447.pgm,0
2448.pgm,0
2449.pgm,0
2450.pgm,0
2451.pgm,0
2452.pgm,0
2453.pgm,0
2454.pgm,0
2455.pgm,0
2456.pgm,0
2457.pgm,0
2458.pgm,0
2459.pgm,0
2460.pgm,0
2461.pgm,0
2462.pgm,0
2463.pgm,0
2464.pgm,0
2465.pgm,0
2466.pgm,0
2467.pgm,0
2468.pgm,0
2469.pgm,0
2470.pgm,0
2471.pgm,0
2472.pgm,0
2473.pgm,0
2474.pgm,0
2475.pgm,0
2476.pgm,0
2477.pgm,0
2478.pgm,0
2479.pgm,0
2480.pgm,0
2481.pgm,0
2482.pgm,0
2483.pgm,0
2484.pgm,0
2485.pgm,0
2486.pgm,0
2487.pgm,0
2488.pgm,0
2489.pgm,0
2490.pgm,0
2491.pgm,0
2492.pgm,0
2493.pgm,0
2494.pgm,0
2495.pgm,0
2496.pgm,0
2497.pgm,0
2498.pgm,0
2499.pgm,0
2500.pgm,0
2501.pgm,0
2502.pgm,0
2503.pgm,0
2504.pgm,0
2505.pgm,0
2506.pgm,0
2507.pgm,0
2508.pgm,0
2509.pgm,0
2510.pgm,0
2511.pgm,0
2512.pgm,0
2513.pgm,0
2514.pgm,0
2515.pgm,0
2516.pgm,0
2517.pgm,0
2518.pgm,0
2519.pgm,0
2520.pgm,0
2521.pgm,0
2522.pgm,0
2523.pgm,0
2524.pgm,0
2525.pgm,0
2526.pgm,0
2527.pgm,0
2528.pgm,0
2529.pgm,0
2530.pgm,0
2531.pgm,0
2532.pgm,0
2533.pgm,0
2534.pgm,0
2535.pgm,0
2536.pgm,0
2537.pgm,0
2538.pgm,0
2539.pgm,0
2540.pgm,0
2541.pgm,0
2542.pgm,0
2543.pgm,0
2544.pgm,0
2545.pgm,0
2546.pgm,0
2547.pgm,0
2548.pgm,0
2549.pgm,0
2550.pgm,0
2551.pgm,0
2552.pgm,0
2553.pgm,0
2554.pgm,0
2555.pgm,0
2556.pgm,0
2557.pgm,0
2558.pgm,0
2559.pgm,0
2560.pgm,0
2561.pgm,0
2562.pgm,0
2563.pgm,0
2564.pgm,0
2565.pgm,0
2566.pgm,0
2567.pgm,0
2568.pgm,0
2569.pgm,0
2570.pgm,0
2571.pgm,0
2572.pgm,0
2573.pgm,0
2574.pgm,0
2575.pgm,0
2576.pgm,0
2577.pgm,0
2578.pgm,0
2579.pgm,0
2580.pgm,0
2581.pgm,0
2582.pgm,0
2583.pgm,0
2584.pgm,0
2585.pgm,0
2586.pgm,0
2587.pgm,0
2588.pgm,0
2589.pgm,0
2590.pgm,0
2591.pgm,0
2592.pgm,0
2593.pgm,0
2594.pgm,0
2595.pgm,0
2596.pgm,0
2597.pgm,0
2598.pgm,0
2599.pgm,0
2600.pgm,0
2601.pgm,0
2602.pgm,0
2603.pgm,0
2604.pgm,0
2605.pgm,0
2606.pgm,0
2607.pgm,0
2608.pgm,0
2609.pgm,0
2610.pgm,0
2611.pgm,0
2612.pgm,0
2613.pgm,0
2614.pgm,0
2615.pgm,0
2616.pgm,0
2617.pgm,0
2618.pgm,0
2619.pgm,0
2620.pgm,0
2621.pgm,0
2622.pgm,0
2623.pgm,0
2624.pgm,0
2625.pgm,0
2626.pgm,0
2627.pgm,0
2628.pgm,0
2629.pgm,0
2630.pgm,0
2631.pgm,0
2632.pgm,0
2633.pgm,0
2634.pgm,0
2635.pgm,0
2636.pgm,0
2637.pgm,0
2638.pgm,0
2639.pgm,0
2640.pgm,0
2641.pgm,0
2642.pgm,0
2643.pgm,0
2644.pgm,0
2645.pgm,0
2646.pgm,0
2647.pgm,0
2648.pgm,0
2649.pgm,0
2650.pgm,0
2651.pgm,0
2652.pgm,0
2653.pgm,0
2654.pgm,0
2655.pgm,0
2656.pgm,0
2657.pgm,0
2658.pgm,0
2659.pgm,0
2660.pgm,0
2661.pgm,0
2662.pgm,0
2663.pgm,0
2664.pgm,0
2665.pgm,0
2666.pgm,0
2667.pgm,0
2668.pgm,0
2669.pgm,0
2670.pgm,0
2671.pgm,0
2672.pgm,0
2673.pgm,0
2674.pgm,0
2675.pgm,0
2676.pgm,0
2677.pgm,0
2678.pgm,0
2679.pgm,0
2680.pgm,0
2681.pgm,0
2682.pgm,0
2683.pgm,0
2684.pgm,0
2685.pgm,0
2686.pgm,0
2687.pgm,0
2688.pgm,0
2689.pgm,0
2690.pgm,0
2691.pgm,0
2692.pgm,0
2693.pgm,0
2694.pgm,0
2695.pgm,0
2696.pgm,0
2697.pgm,0
2698.pgm,0
2699.pgm,0
2700.pgm,0
2701.pgm,0
2702.pgm,0
2703.pgm,0
2704.pgm,0
2705.pgm,0
2706.pgm,0
2707.pgm,0
2708.pgm,0
2709.pgm,0
2710.pgm,0
2711.pgm,0
2712.pgm,0
2713.pgm,0
2714.pgm,0
2715.pgm,0
2716.pgm,0
2717.pgm,0
2718.pgm,0
2719.pgm,0
2720.pgm,0
2721.pgm,0
2722.pgm,0
2723.pgm,0
2724.pgm,0
2725.pgm,0
2726.pgm,0
2727.pgm,0
2728.pgm,0
2729.pgm,0
2730.pgm,0
2731.pgm,0
2732.pgm,0
2733.pgm,0
2734.pgm,0
2735.pgm,0
2736.pgm,0
2737.pgm,0
2738.pgm,0
2739.pgm,0
2740.pgm,0
2741.pgm,0
2742.pgm,0
2743.pgm,0
2744.pgm,0
2745.pgm,0
2746.pgm,0
2747.pgm,0
2748.pgm,0
2749.pgm,0
2750.pgm,0
2751.pgm,0
2752.pgm,0
2753.pgm,0
2754.pgm,0
2755.pgm,0
2756.pgm,0
2757.pgm,0
2758.pgm,0
2759.pgm,0
2760.pgm,0
2761.pgm,0
2762.pgm,0
2763.pgm,0
2764.pgm,0
2765.pgm,0
2766.pgm,0
2767.pgm,0
2768.pgm,0
2769.pgm,0
2770.pgm,0
2771.pgm,0
2772.pgm,0
2773.pgm,0
2774.pgm,0
2775.pgm,0
2776.pgm,0
2777.pgm,0
2778.pgm,0
2779.pgm,0
2780.pgm,0
2781.pgm,0
2782.pgm,0
2783.pgm,0
2784.pgm,0
2785.pgm,0
2786.pgm,0
2787.pgm,0
2788.pgm,0
2789.pgm,0
2790.pgm,0
2791.pgm,0
2792.pgm,0
2793.pgm,0
2794.pgm,0
2795.pgm,0
2796.pgm,0
2797.pgm,0
2798.pgm,0
2799.pgm,0
2800.pgm,0
2801.pgm,0
2802.pgm,0
2803.pgm,0
2804.pgm,0
2805.pgm,0
2806.pgm,0
2807.pgm,0
2808.pgm,0
2809.pgm,0
2810.pgm,0
2811.pgm,0
2812.pgm,0
2813.pgm,0
2814.pgm,0
2815.pgm,0
2816.pgm,0
2817.pgm,0
2818.pgm,0
2819.pgm,0
2820.pgm,0
2821.pgm,0
2822.pgm,0
2823.pgm,0
2824.pgm,0
2825.pgm,0
2826.pgm,0
2827.pgm,0
2828.pgm,0
2829.pgm,0
2830.pgm,0
2831.pgm,0
2832.pgm,0
2833.pgm,0
2834.pgm,0
2835.pgm,0
2836.pgm,0
2837.pgm,0
2838.pgm,0
2839.pgm,0
2840.pgm,0
2841.pgm,0
2842.pgm,0
2843.pgm,0
2844.pgm,0
2845.pgm,0
2846.pgm,0
2847.pgm,0
2848.pgm,0
2849.pgm,0
2850.pgm,0
2851.pgm,0
2852.pgm,0
2853.pgm,0
2854.pgm,0
2855.pgm,0
2856.pgm,0
2857.pgm,0
2858.pgm,0
2859.pgm,0
2860.pgm,0
2861.pgm,0
2862.pgm,0
2863.pgm,0
2864.pgm,0
2865.pgm,0
2866.pgm,0
2867.pgm,0
2868.pgm,0
2869.pgm,0
2870.pgm,0
2871.pgm,0
2872.pgm,0
2873.pgm,0
2874.pgm,0
2875.pgm,0
2876.pgm,0
2877.pgm,0
2878.pgm,0
2879.pgm,0
2880.pgm,0
2881.pgm,0
2882.pgm,0
2883.pgm,0
2884.pgm,0
2885.pgm,0
2886.pgm,0
2887.pgm,0
2888.pgm,0
2889.pgm,0
2890.pgm,0
2891.pgm,0
2892.pgm,0
2893.pgm,0
2894.pgm,0
2895.pgm,0
2896.pgm,0
2897.pgm,0
2898.pgm,0
2899.pgm,0
2900.pgm,0
2901.pgm,0
2902.pgm,0
2903.pgm,0
2904.pgm,0
2905.pgm,0
2906.pgm,0
2907.pgm,0
2908.pgm,0
2909.pgm,0
2910.pgm,0
2911.pgm,0
2912.pgm,0
2913.pgm,0
2914.pgm,0
2915.pgm,0
2916.pgm,0
2917.pgm,0
2918.pgm,0
2919.pgm,0
2920.pgm,0
2921.pgm,0
2922.pgm,0
2923.pgm,0
2924.pgm,0
2925.pgm,0
2926.pgm,0
2927.pgm,0
2928.pgm,0
2929.pgm,0
2930.pgm,0
2931.pgm,0
2932.pgm,0
2933.pgm,0
2934.pgm,0
2935.pgm,0
2936.pgm,0
2937.pgm,0
2938.pgm,0
2939.pgm,0
2940.pgm,0
2941.pgm,0
2942.pgm,0
2943.pgm,0
2944.pgm,0
2945.pgm,0
2946.pgm,0
2947.pgm,0
2948.pgm,0
2949.pgm,0
2950.pgm,0
2951.pgm,0
2952.pgm,0
2953.pgm,0
2954.pgm,0
2955.pgm,0
2956.pgm,0
2957.pgm,0
2958.pgm,0
2959.pgm,0
2960.pgm,0
2961.pgm,0
2962.pgm,0
2963.pgm,0
2964.pgm,0
2965.pgm,0
2966.pgm,0
2967.pgm,0
2968.pgm,0
2969.pgm,0
2970.pgm,0
2971.pgm,0
2972.pgm,0
2973.pgm,0
2974.pgm,0
2975.pgm,0
2976.pgm,0
2977.pgm,0
2978.pgm,0
2979.pgm,0
2980.pgm,0
2981.pgm,0
2982.pgm,0
2983.pgm,0
2984.pgm,0
2985.pgm,0
2986.pgm,0
2987.pgm,0
2988.pgm,0
2989.pgm,0
2990.pgm,0
2991.pgm,0
2992.pgm,0
2993.pgm,0
2994.pgm,0
2995.pgm,0
2996.pgm,0
2997.pgm,0
2998.pgm,0
2999.pgm,0
3000.pgm,0
3001.pgm,0
3002.pgm,0
3003.pgm,0
3004.pgm,0
3005.pgm,0
3006.pgm,0
3007.pgm,0
3008.pgm,0
3009.pgm,0
3010.pgm,0
3011.pgm,0
3012.pgm,0
3013.pgm,0
3014.pgm,0
3015.pgm,0
3016.pgm,0
3017.pgm,0
3018.pgm,0
3019.pgm,0
3020.pgm,0
3021.pgm,0
3022.pgm,0
3023.pgm,0
3024.pgm,0
3025.pgm,0
3026.pgm,0
3027.pgm,0
3028.pgm,0
3029.pgm,0
3030.pgm,0
3031.pgm,0
3032.pgm,0
3033.pgm,0
3034.pgm,0
3035.pgm,0
3036.pgm,0
3037.pgm,0
3038.pgm,0
3039.pgm,0
3040.pgm,0
3041.pgm,0
3042.pgm,0
3043.pgm,0
3044.pgm,0
3045.pgm,0
3046.pgm,0
3047.pgm,0
3048.pgm,0
3049.pgm,0
3050.pgm,0
3051.pgm,0
3052.pgm,0
3053.pgm,0
3054.pgm,0
3055.pgm,0
3056.pgm,0
3057.pgm,0
3058.pgm,0
3059.pgm,0
3060.pgm,0
3061.pgm,0
3062.pgm,0
3063.pgm,0
3064.pgm,0
3065.pgm,0
3066.pgm,0
3067.pgm,0
3068.pgm,0
3069.pgm,0
3070.pgm,0
3071.pgm,0
3072.pgm,0
3073.pgm,0
3074.pgm,0
3075.pgm,0
3076.pgm,0
3077.pgm,0
3078.pgm,0
3079.pgm,0
3080.pgm,0
3081.pgm,0
3082.pgm,0
3083.pgm,0
3084.pgm,0
3085.pgm,0
3086.pgm,0
3087.pgm,0
3088.pgm,0
3089.pgm,0
3090.pgm,0
3091.pgm,0
3092.pgm,0
3093.pgm,0
3094.pgm,0
3095.pgm,0
3096.pgm,0
3097.pgm,0
3098.pgm,0
3099.pgm,0
3100.pgm,0
3101.pgm,0
3102.pgm,0
3103.pgm,0
3104.pgm,0
3105.pgm,0
3106.pgm,0
3107.pgm,0
3108.pgm,0
3109.pgm,0
3110.pgm,0
3111.pgm,0
3112.pgm,0
3113.pgm,0
3114.pgm,0
3115.pgm,0
3116.pgm,0
3117.pgm,0
3118.pgm,0
3119.pgm,0
3120.pgm,0
3121.pgm,0
3122.pgm,0
3123.pgm,0
3124.pgm,0
3125.pgm,0
3126.pgm,0
3127.pgm,0
3128.pgm,0
3129.pgm,0
3130.pgm,0
3131.pgm,0
3132.pgm,0
3133.pgm,0
3134.pgm,0
3135.pgm,0
3136.pgm,0
3137.pgm,0
3138.pgm,0
3139.pgm,0
3140.pgm,0
3141.pgm,0
3142.pgm,0
3143.pgm,0
3144.pgm,0
3145.pgm,0
3146.pgm,0
3147.pgm,0
3148.pgm,0
3149.pgm,0
3150.pgm,0
3151.pgm,0
3152.pgm,0
3153.pgm,0
3154.pgm,0
3155.pgm,0
3156.pgm,0
3157.pgm,0
3158.pgm,0
3159.pgm,0
3160.pgm,0
3161.pgm,0
3162.pgm,0
3163.pgm,0
3164.pgm,0
3165.pgm,0
3166.pgm,0
3167.pgm,0
3168.pgm,0
3169.pgm,0
3170.pgm,0
3171.pgm,0
3172.pgm,0
3173.pgm,0
3174.pgm,0
3175.pgm,0
3176.pgm,0
3177.pgm,0
3178.pgm,0
3179.pgm,0
3180.pgm,0
3181.pgm,0
3182.pgm,0
3183.pgm,0
3184.pgm,0
3185.pgm,0
3186.pgm,0
3187.pgm,0
3188.pgm,0
3189.pgm,0
3190.pgm,0
3191.pgm,0
3192.pgm,0
3193.pgm,0
3194.pgm,0
3195.pgm,0
3196.pgm,0
3197.pgm,0
3198.pgm,0
3199.pgm,0
3200.pgm,0
3201.pgm,0
3202.pgm,0
3203.pgm,0
3204.pgm,0
3205.pgm,0
3206.pgm,0
3207.pgm,0
3208.pgm,0
3209.pgm,0
3210.pgm,0
3211.pgm,0
3212.pgm,0
3213.pgm,0
3214.pgm,0
3215.pgm,0
3216.pgm,0
3217.pgm,0
3218.pgm,0
3219.pgm,0
3220.pgm,0
3221.pgm,0
3222.pgm,0
3223.pgm,0
3224.pgm,0
3225.pgm,0
3226.pgm,0
3227.pgm,0
3228.pgm,0
3229.pgm,0
3230.pgm,0
3231.pgm,0
3232.pgm,0
3233.pgm,0
3234.pgm,0
3235.pgm,0
3236.pgm,0
3237.pgm,0
3238.pgm,0
3239.pgm,0
3240.pgm,0
3241.pgm,0
3242.pgm,0
3243.pgm,0
3244.pgm,0
3245.pgm,0
3246.pgm,0
3247.pgm,0
3248.pgm,0
3249.pgm,0
3250.pgm,0
3251.pgm,0
3252.pgm,0
3253.pgm,0
3254.pgm,0
3255.pgm,0
3256.pgm,0
3257.pgm,0
3258.pgm,0
3259.pgm,0
3260.pgm,0
3261.pgm,0
3262.pgm,0
3263.pgm,0
3264.pgm,0
3265.pgm,0
3266.pgm,0
3267.pgm,0
3268.pgm,0
3269.pgm,0
3270.pgm,0
3271.pgm,0
3272.pgm,0
3273.pgm,0
3274.pgm,0
3275.pgm,0
3276.pgm,0
3277.pgm,0
3278.pgm,0
3279.pgm,0
3280.pgm,0
3281.pgm,0
3282.pgm,0
3283.pgm,0
3284.pgm,0
3285.pgm,0
3286.pgm,0
3287.pgm,0
3288.pgm,0
3289.pgm,0
3290.pgm,0
3291.pgm,0
3292.pgm,0
3293.pgm,0
3294.pgm,0
3295.pgm,0
3296.pgm,0
3297.pgm,0
3298.pgm,0
3299.pgm,0
3300.pgm,0
3301.pgm,0
3302.pgm,0
3303.pgm,0
3304.pgm,0
3305.pgm,0
3306.pgm,0
3307.pgm,0
3308.pgm,0
3309.pgm,0
3310.pgm,0
3311.pgm,0
3312.pgm,0
3313.pgm,0
3314.pgm,0
3315.pgm,0
3316.pgm,0
3317.pgm,0
3318.pgm,0
3319.pgm,0
3320.pgm,0
3321.pgm,0
3322.pgm,0
3323.pgm,0
3324.pgm,0
3325.pgm,0
3326.pgm,0
3327.pgm,0
3328.pgm,0
3329.pgm,0
3330.pgm,0
3331.pgm,0
3332.pgm,0
3333.pgm,0
3334.pgm,0
3335.pgm,0
3336.pgm,0
3337.pgm,0
3338.pgm,0
3339.pgm,0
3340.pgm,0
3341.pgm,0
3342.pgm,0
3343.pgm,0
3344.pgm,0
3345.pgm,0
3346.pgm,0
3347.pgm,0
3348.pgm,0
3349.pgm,0
3350.pgm,0
3351.pgm,0
3352.pgm,0
3353.pgm,0
3354.pgm,0
3355.pgm,0
3356.pgm,0
3357.pgm,0
3358.pgm,0
3359.pgm,0
3360.pgm,0
3361.pgm,0
3362.pgm,0
3363.pgm,0
3364.pgm,0
3365.pgm,0
3366.pgm,0
3367.pgm,0
3368.pgm,0
3369.pgm,0
3370.pgm,0
3371.pgm,0
3372.pgm,0
3373.pgm,0
3374.pgm,0
3375.pgm,0
3376.pgm,0
3377.pgm,0
3378.pgm,0
3379.pgm,0
3380.pgm,0
3381.pgm,0
3382.pgm,0
3383.pgm,0
3384.pgm,0
3385.pgm,0
3386.pgm,0
3387.pgm,0
3388.pgm,0
3389.pgm,0
3390.pgm,0
3391.pgm,0
3392.pgm,0
3393.pgm,0
3394.pgm,0
3395.pgm,0
3396.pgm,0
3397.pgm,0
3398.pgm,0
3399.pgm,0
3400.pgm,0
3401.pgm,0
3402.pgm,0
3403.pgm,0
3404.pgm,0
3405.pgm,0
3406.pgm,0
3407.pgm,0
3408.pgm,0
3409.pgm,0
3410.pgm,0
3411.pgm,0
3412.pgm,0
3413.pgm,0
3414.pgm,0
3415.pgm,0
3416.pgm,0
3417.pgm,0
3418.pgm,0
3419.pgm,0
3420.pgm,0
3421.pgm,0
3422.pgm,0
3423.pgm,0
3424.pgm,0
3425.pgm,0
3426.pgm,0
3427.pgm,0
3428.pgm,0
3429.pgm,0
3430.pgm,0
3431.pgm,0
3432.pgm,0
3433.pgm,0
3434.pgm,0
3435.pgm,0
3436.pgm,0
3437.pgm,0
3438.pgm,0
3439.pgm,0
3440.pgm,0
3441.pgm,0
3442.pgm,0
3443.pgm,0
3444.pgm,0
3445.pgm,0
3446.pgm,0
3447.pgm,0
3448.pgm,0
3449.pgm,0
3450.pgm,0
3451.pgm,0
3452.pgm,0
3453.pgm,0
3454.pgm,0
3455.pgm,0
3456.pgm,0
3457.pgm,0
3458.pgm,0
3459.pgm,0
3460.pgm,0
3461.pgm,0
3462.pgm,0
3463.pgm,0
3464.pgm,0
3465.pgm,0
3466.pgm,0
3467.pgm,0
3468.pgm,0
3469.pgm,0
3470.pgm,0
3471.pgm,0
3472.pgm,0
3473.pgm,0
3474.pgm,0
3475.pgm,0
3476.pgm,0
3477.pgm,0
3478.pgm,0
3479.pgm,0
3480.pgm,0
3481.pgm,0
3482.pgm,0
3483.pgm,0
3484.pgm,0
3485.pgm,0
3486.pgm,0
3487.pgm,0
3488.pgm,0
3489.pgm,0
3490.pgm,0
3491.pgm,0
3492.pgm,0
3493.pgm,0
3494.pgm,0
3495.pgm,0
3496.pgm,0
3497.pgm,0
3498.pgm,0
3499.pgm,0
3500.pgm,0
3501.pgm,0
3502.pgm,0
3503.pgm,0
3504.pgm,0
3505.pgm,0
3506.pgm,0
3507.pgm,0
3508.pgm,0
3509.pgm,0
3510.pgm,0
3511.pgm,0
3512.pgm,0
3513.pgm,0
3514.pgm,0
3515.pgm,0
3516.pgm,0
3517.pgm,0
3518.pgm,0
3519.pgm,0
3520.pgm,0
3521.pgm,0
3522.pgm,0
3523.pgm,0
3524.pgm,0
3525.pgm,0
3526.pgm,0
3527.pgm,0
3528.pgm,0
3529.pgm,0
3530.pgm,0
3531.pgm,0
3532.pgm,0
3533.pgm,0
3534.pgm,0
3535.pgm,0
3536.pgm,0
3537.pgm,0
3538.pgm,0
3539.pgm,0
3540.pgm,0
3541.pgm,0
3542.pgm,0
3543.pgm,0
3544.pgm,0
3545.pgm,0
3546.pgm,0
3547.pgm,0
3548.pgm,0
3549.pgm,0
3550.pgm,0
3551.pgm,0
3552.pgm,0
3553.pgm,0
3554.pgm,0
3555.pgm,0
3556.pgm,0
3557.pgm,0
3558.pgm,0
3559.pgm,0
3560.pgm,0
3561.pgm,0
3562.pgm,0
3563.pgm,0
3564.pgm,0
3565.pgm,0
3566.pgm,0
3567.pgm,0
3568.pgm,0
3569.pgm,0
3570.pgm,0
3571.pgm,0
3572.pgm,0
3573.pgm,0
3574.pgm,0
3575.pgm,0
3576.pgm,0
3577.pgm,0
3578.pgm,0
3579.pgm,0
3580.pgm,0
3581.pgm,0
3582.pgm,0
3583.pgm,0
3584.pgm,0
3585.pgm,0
3586.pgm,0
3587.pgm,0
3588.pgm,0
3589.pgm,0
3590.pgm,0
3591.pgm,0
3592.pgm,0
3593.pgm,0
3594.pgm,0
3595.pgm,0
3596.pgm,0
3597.pgm,0
3598.pgm,0
3599.pgm,0
3600.pgm,0
3601.pgm,0
3602.pgm,0
3603.pgm,0
3604.pgm,0
3605.pgm,0
3606.pgm,0
3607.pgm,0
3608.pgm,0
3609.pgm,0
3610.pgm,0
3611.pgm,0
3612.pgm,0
3613.pgm,0
3614.pgm,0
3615.pgm,0
3616.pgm,0
3617.pgm,0
3618.pgm,0
3619.pgm,0
3620.pgm,0
3621.pgm,0
3622.pgm,0
3623.pgm,0
3624.pgm,0
3625.pgm,0
3626.pgm,0
3627.pgm,0
3628.pgm,0
3629.pgm,0
3630.pgm,0
3631.pgm,0
3632.pgm,0
3633.pgm,0
3634.pgm,0
3635.pgm,0
3636.pgm,0
3637.pgm,0
3638.pgm,0
3639.pgm,0
3640.pgm,0
3641.pgm,0
3642.pgm,0
3643.pgm,0
3644.pgm,0
3645.pgm,0
3646.pgm,0
3647.pgm,0
3648.pgm,0
3649.pgm,0
3650.pgm,0
3651.pgm,0
3652.pgm,0
3653.pgm,0
3654.pgm,0
3655.pgm,0
3656.pgm,0
3657.pgm,0
3658.pgm,0
3659.pgm,0
3660.pgm,0
3661.pgm,0
3662.pgm,0
3663.pgm,0
3664.pgm,0
3665.pgm,0
3666.pgm,0
3667.pgm,0
3668.pgm,0
3669.pgm,0
3670.pgm,0
3671.pgm,0
3672.pgm,0
3673.pgm,0
3674.pgm,0
3675.pgm,0
3676.pgm,0
3677.pgm,0
3678.pgm,0
3679.pgm,0
3680.pgm,0
3681.pgm,0
3682.pgm,0
3683.pgm,0
3684.pgm,0
3685.pgm,0
3686.pgm,0
3687.pgm,0
3688.pgm,0
3689.pgm,0
3690.pgm,0
3691.pgm,0
3692.pgm,0
3693.pgm,0
3694.pgm,0
3695.pgm,0
3696.pgm,0
3697.pgm,0
3698.pgm,0
3699.pgm,0
3700.pgm,0
3701.pgm,0
3702.pgm,0
3703.pgm,0
3704.pgm,0
3705.pgm,0
3706.pgm,0
3707.pgm,0
3708.pgm,0
3709.pgm,0
3710.pgm,0
3711.pgm,0
3712.pgm,0
3713.pgm,0
3714.pgm,0
3715.pgm,0
3716.pgm,0
3717.pgm,0
3718.pgm,0
3719.pgm,0
3720.pgm,0
3721.pgm,0
3722.pgm,0
3723.pgm,0
3724.pgm,0
3725.pgm,0
3726.pgm,0
3727.pgm,0
3728.pgm,0
3729.pgm,0
3730.pgm,0
3731.pgm,0
3732.pgm,0
3733.pgm,0
3734.pgm,0
3735.pgm,0
3736.pgm,0
3737.pgm,0
3738.pgm,0
3739.pgm,0
3740.pgm,0
3741.pgm,0
3742.pgm,0
3743.pgm,0
3744.pgm,0
3745.pgm,0
3746.pgm,0
3747.pgm,0
3748.pgm,0
3749.pgm,0
3750.pgm,0
3751.pgm,0
3752.pgm,0
3753.pgm,0
3754.pgm,0
3755.pgm,0
3756.pgm,0
3757.pgm,0
3758.pgm,0
3759.pgm,0
3760.pgm,0
3761.pgm,0
3762.pgm,0
3763.pgm,0
3764.pgm,0
3765.pgm,0
3766.pgm,0
3767.pgm,0
3768.pgm,0
3769.pgm,0
3770.pgm,0
3771.pgm,0
3772.pgm,0
3773.pgm,0
3774.pgm,0
3775.pgm,0
3776.pgm,0
3777.pgm,0
3778.pgm,0
3779.pgm,0
3780.pgm,0
3781.pgm,0
3782.pgm,0
3783.pgm,0
3784.pgm,0
3785.pgm,0
3786.pgm,0
3787.pgm,0
3788.pgm,0
3789.pgm,0
3790.pgm,0
3791.pgm,0
3792.pgm,0
3793.pgm,0
3794.pgm,0
3795.pgm,0
3796.pgm,0
3797.pgm,0
3798.pgm,0
3799.pgm,0
3800.pgm,0
3801.pgm,0
3802.pgm,0
3803.pgm,0
3804.pgm,0
3805.pgm,0
3806.pgm,0
3807.pgm,0
3808.pgm,0
3809.pgm,0
3810.pgm,0
3811.pgm,0
3812.pgm,0
3813.pgm,0
3814.pgm,0
3815.pgm,0
3816.pgm,0
3817.pgm,0
3818.pgm,0
3819.pgm,0
3820.pgm,0
3821.pgm,0
3822.pgm,0
3823.pgm,0
3824.pgm,0
3825.pgm,0
3826.pgm,0
3827.pgm,0
3828.pgm,0
3829.pgm,0
3830.pgm,0
3831.pgm,0
3832.pgm,0
3833.pgm,0
3834.pgm,0
3835.pgm,0
3836.pgm,0
3837.pgm,0
3838.pgm,0
3839.pgm,0
3840.pgm,0
3841.pgm,0
3842.pgm,0
3843.pgm,0
3844.pgm,0
3845.pgm,0
3846.pgm,0
3847.pgm,0
3848.pgm,0
3849.pgm,0
3850.pgm,0
3851.pgm,0
3852.pgm,0
3853.pgm,0
3854.pgm,0
3855.pgm,0
3856.pgm,0
3857.pgm,0
3858.pgm,0
3859.pgm,0
3860.pgm,0
3861.pgm,0
3862.pgm,0
3863.pgm,0
3864.pgm,0
3865.pgm,0
3866.pgm,0
3867.pgm,0
3868.pgm,0
3869.pgm,0
3870.pgm,0
3871.pgm,0
3872.pgm,0
3873.pgm,0
3874.pgm,0
3875.pgm,0
3876.pgm,0
3877.pgm,0
3878.pgm,0
3879.pgm,0
3880.pgm,0
3881.pgm,0
3882.pgm,0
3883.pgm,0
3884.pgm,0
3885.pgm,0
3886.pgm,0
3887.pgm,0
3888.pgm,0
3889.pgm,0
3890.pgm,0
3891.pgm,0
3892.pgm,0
3893.pgm,0
3894.pgm,0
3895.pgm,0
3896.pgm,0
3897.pgm,0
3898.pgm,0
3899.pgm,0
3900.pgm,0
3901.pgm,0
3902.pgm,0
3903.pgm,0
3904.pgm,0
3905.pgm,0
3906.pgm,0
3907.pgm,0
3908.pgm,0
3909.pgm,0
3910.pgm,0
3911.pgm,0
3912.pgm,0
3913.pgm,0
3914.pgm,0
3915.pgm,0
3916.pgm,0
3917.pgm,0
3918.pgm,0
3919.pgm,0
3920.pgm,0
3921.pgm,0
3922.pgm,0
3923.pgm,0
3924.pgm,0
3925.pgm,0
3926.pgm,0
3927.pgm,0
3928.pgm,0
3929.pgm,0
3930.pgm,0
3931.pgm,0
3932.pgm,0
3933.pgm,0
3934.pgm,0
3935.pgm,0
3936.pgm,0
3937.pgm,0
3938.pgm,0
3939.pgm,0
3940.pgm,0
3941.pgm,0
3942.pgm,0
3943.pgm,0
3944.pgm,0
3945.pgm,0
3946.pgm,0
3947.pgm,0
3948.pgm,0
3949.pgm,0
3950.pgm,0
3951.pgm,0
3952.pgm,0
3953.pgm,0
3954.pgm,0
3955.pgm,0
3956.pgm,0
3957.pgm,0
3958.pgm,0
3959.pgm,0
3960.pgm,0
3961.pgm,0
3962.pgm,0
3963.pgm,0
3964.pgm,0
3965.pgm,0
3966.pgm,0
3967.pgm,0
3968.pgm,0
3969.pgm,0
3970.pgm,0
3971.pgm,0
3972.pgm,0
3973.pgm,0
3974.pgm,0
3975.pgm,0
3976.pgm,0
3977.pgm,0
3978.pgm,0
3979.pgm,0
3980.pgm,0
3981.pgm,0
3982.pgm,0
3983.pgm,0
3984.pgm,0
3985.pgm,0
3986.pgm,0
3987.pgm,0
3988.pgm,0
3989.pgm,0
3990.pgm,0
3991.pgm,0
3992.pgm,0
3993.pgm,0
3994.pgm,0
3995.pgm,0
3996.pgm,0
3997.pgm,0
3998.pgm,0
3999.pgm,0
4000.pgm,0
4001.pgm,0
4002.pgm,0
4003.pgm,0
4004.pgm,0
4005.pgm,0
4006.pgm,0
4007.pgm,0
4008.pgm,0
4009.pgm,0
4010.pgm,0
4011.pgm,0
4012.pgm,0
4013.pgm,0
4014.pgm,0
4015.pgm,0
4016.pgm,0
4017.pgm,0
4018.pgm,0
4019.pgm,0
4020.pgm,0
4021.pgm,0
4022.pgm,0
4023.pgm,0
4024.pgm,0
4025.pgm,0
4026.pgm,0
4027.pgm,0
4028.pgm,0
4029.pgm,0
4030.pgm,0
4031.pgm,0
4032.pgm,0
4033.pgm,0
4034.pgm,0
4035.pgm,0
4036.pgm,0
4037.pgm,0
4038.pgm,0
4039.pgm,0
4040.pgm,0
4041.pgm,0
4042.pgm,0
4043.pgm,0
4044.pgm,0
4045.pgm,0
4046.pgm,0
4047.pgm,0
4048.pgm,0
4049.pgm,0
4050.pgm,0
4051.pgm,0
4052.pgm,0
4053.pgm,0
4054.pgm,0
4055.pgm,0
4056.pgm,0
4057.pgm,0
4058.pgm,0
4059.pgm,0
4060.pgm,0
4061.pgm,0
4062.pgm,0
4063.pgm,0
4064.pgm,0
4065.pgm,0
4066.pgm,0
4067.pgm,0
4068.pgm,0
4069.pgm,0
4070.pgm,0
4071.pgm,0
4072.pgm,0
4073.pgm,0
4074.pgm,0
4075.pgm,0
4076.pgm,0
4077.pgm,0
4078.pgm,0
4079.pgm,0
4080.pgm,0
4081.pgm,0
4082.pgm,0
4083.pgm,0
4084.pgm,0
4085.pgm,0
4086.pgm,0
4087.pgm,0
4088.pgm,0
4089.pgm,0
4090.pgm,0
4091.pgm,0
4092.pgm,0
4093.pgm,0
4094.pgm,0
4095.pgm,0
4096.pgm,0
4097.pgm,0
4098.pgm,0
4099.pgm,0
4100.pgm,0
4101.pgm,0
4102.pgm,0
4103.pgm,0
4104.pgm,0
4105.pgm,0
4106.pgm,0
4107.pgm,0
4108.pgm,0
4109.pgm,0
4110.pgm,0
4111.pgm,0
4112.pgm,0
4113.pgm,0
4114.pgm,0
4115.pgm,0
4116.pgm,0
4117.pgm,0
4118.pgm,0
4119.pgm,0
4120.pgm,0
4121.pgm,0
4122.pgm,0
4123.pgm,0
4124.pgm,0
4125.pgm,0
4126.pgm,0
4127.pgm,0
4128.pgm,0
4129.pgm,0
4130.pgm,0
4131.pgm,0
4132.pgm,0
4133.pgm,0
4134.pgm,0
4135.pgm,0
4136.pgm,0
4137.pgm,0
4138.pgm,0
4139.pgm,0
4140.pgm,0
4141.pgm,0
4142.pgm,0
4143.pgm,0
4144.pgm,0
4145.pgm,0
4146.pgm,0
4147.pgm,0
4148.pgm,0
4149.pgm,0
4150.pgm,0
4151.pgm,0
4152.pgm,0
4153.pgm,0
4154.pgm,0
4155.pgm,0
4156.pgm,0
4157.pgm,0
4158.pgm,0
4159.pgm,0
4160.pgm,0
4161.pgm,0
4162.pgm,0
4163.pgm,0
4164.pgm,0
4165.pgm,0
4166.pgm,0
4167.pgm,0
4168.pgm,0
4169.pgm,0
4170.pgm,0
4171.pgm,0
4172.pgm,0
4173.pgm,0
4174.pgm,0
4175.pgm,0
4176.pgm,0
4177.pgm,0
4178.pgm,0
4179.pgm,0
4180.pgm,0
4181.pgm,0
4182.pgm,0
4183.pgm,0
4184.pgm,0
4185.pgm,0
4186.pgm,0
4187.pgm,0
4188.pgm,0
4189.pgm,0
4190.pgm,0
4191.pgm,0
4192.pgm,0
4193.pgm,0
4194.pgm,0
4195.pgm,0
4196.pgm,0
4197.pgm,0
4198.pgm,0
4199.pgm,0
4200.pgm,0
4201.pgm,0
4202.pgm,0
4203.pgm,0
4204.pgm,0
4205.pgm,0
4206.pgm,0
4207.pgm,0
4208.pgm,0
4209.pgm,0
4210.pgm,0
4211.pgm,0
4212.pgm,0
4213.pgm,0
4214.pgm,0
4215.pgm,0
4216.pgm,0
4217.pgm,0
4218.pgm,0
4219.pgm,0
4220.pgm,0
4221.pgm,0
4222.pgm,0
4223.pgm,0
4224.pgm,0
4225.pgm,0
4226.pgm,0
4227.pgm,0
4228.pgm,0
4229.pgm,0
4230.pgm,0
4231.pgm,0
4232.pgm,0
4233.pgm,0
4234.pgm,0
4235.pgm,0
4236.pgm,0
4237.pgm,0
4238.pgm,0
4239.pgm,0
4240.pgm,0
4241.pgm,0
4242.pgm,0
4243.pgm,0
4244.pgm,0
4245.pgm,0
4246.pgm,0
4247.pgm,0
4248.pgm,0
4249.pgm,0
4250.pgm,0
4251.pgm,0
4252.pgm,0
4253.pgm,0
4254.pgm,0
4255.pgm,0
4256.pgm,0
4257.pgm,0
4258.pgm,0
4259.pgm,0
4260.pgm,0
4261.pgm,0
4262.pgm,0
4263.pgm,0
4264.pgm,0
4265.pgm,0
4266.pgm,0
4267.pgm,0
4268.pgm,0
4269.pgm,0
4270.pgm,0
4271.pgm,0
4272.pgm,0
4273.pgm,0
4274.pgm,0
4275.pgm,0
4276.pgm,0
4277.pgm,0
4278.pgm,0
4279.pgm,0
4280.pgm,0
4281.pgm,0
4282.pgm,0
4283.pgm,0
4284.pgm,0
4285.pgm,0
4286.pgm,0
4287.pgm,0
4288.pgm,0
4289.pgm,0
4290.pgm,0
4291.pgm,0
4292.pgm,0
4293.pgm,0
4294.pgm,0
4295.pgm,0
4296.pgm,0
4297.pgm,0
4298.pgm,0
4299.pgm,0
4300.pgm,0
4301.pgm,0
4302.pgm,0
4303.pgm,0
4304.pgm,0
4305.pgm,0
4306.pgm,0
4307.pgm,0
4308.pgm,0
4309.pgm,0
4310.pgm,0
4311.pgm,0
4312.pgm,0
4313.pgm,0
4314.pgm,0
4315.pgm,0
4316.pgm,0
4317.pgm,0
4318.pgm,0
4319.pgm,0
4320.pgm,0
4321.pgm,0
4322.pgm,0
4323.pgm,0
4324.pgm,0
4325.pgm,0
4326.pgm,0
4327.pgm,0
4328.pgm,0
4329.pgm,0
4330.pgm,0
4331.pgm,0
4332.pgm,0
4333.pgm,0
4334.pgm,0
4335.pgm,0
4336.pgm,0
4337.pgm,0
4338.pgm,0
4339.pgm,0
4340.pgm,0
4341.pgm,0
4342.pgm,0
4343.pgm,0
4344.pgm,0
4345.pgm,0
4346.pgm,0
4347.pgm,0
4348.pgm,0
4349.pgm,0
4350.pgm,0
4351.pgm,0
4352.pgm,0
4353.pgm,0
4354.pgm,0
4355.pgm,0
4356.pgm,0
4357.pgm,0
4358.pgm,0
4359.pgm,0
4360.pgm,0
4361.pgm,0
4362.pgm,0
4363.pgm,0
4364.pgm,0
4365.pgm,0
4366.pgm,0
4367.pgm,0
4368.pgm,0
4369.pgm,0
4370.pgm,0
4371.pgm,0
4372.pgm,0
4373.pgm,0
4374.pgm,0
4375.pgm,0
4376.pgm,0
4377.pgm,0
4378.pgm,0
4379.pgm,0
4380.pgm,0
4381.pgm,0
4382.pgm,0
4383.pgm,0
4384.pgm,0
4385.pgm,0
4386.pgm,0
4387.pgm,0
4388.pgm,0
4389.pgm,0
4390.pgm,0
4391.pgm,0
4392.pgm,0
4393.pgm,0
4394.pgm,0
4395.pgm,0
4396.pgm,0
4397.pgm,0
4398.pgm,0
4399.pgm,0
4400.pgm,0
4401.pgm,0
4402.pgm,0
4403.pgm,0
4404.pgm,0
4405.pgm,0
4406.pgm,0
4407.pgm,0
4408.pgm,0
4409.pgm,0
4410.pgm,0
4411.pgm,0
4412.pgm,0
4413.pgm,0
4414.pgm,0
4415.pgm,0
4416.pgm,0
4417.pgm,0
4418.pgm,0
4419.pgm,0
4420.pgm,0
4421.pgm,0
4422.pgm,0
4423.pgm,0
4424.pgm,0
4425.pgm,0
4426.pgm,0
4427.pgm,0
4428.pgm,0
4429.pgm,0
4430.pgm,0
4431.pgm,0
4432.pgm,0
4433.pgm,0
4434.pgm,0
4435.pgm,0
4436.pgm,0
4437.pgm,0
4438.pgm,0
4439.pgm,0
4440.pgm,0
4441.pgm,0
4442.pgm,0
4443.pgm,0
4444.pgm,0
4445.pgm,0
4446.pgm,0
4447.pgm,0
4448.pgm,0
4449.pgm,0
4450.pgm,0
4451.pgm,0
4452.pgm,0
4453.pgm,0
4454.pgm,0
4455.pgm,0
4456.pgm,0
4457.pgm,0
4458.pgm,0
4459.pgm,0
4460.pgm,0
4461.pgm,0
4462.pgm,0
4463.pgm,0
4464.pgm,0
4465.pgm,0
4466.pgm,0
4467.pgm,0
4468.pgm,0
4469.pgm,0
4470.pgm,0
4471.pgm,0
4472.pgm,0
4473.pgm,0
4474.pgm,0
4475.pgm,0
4476.pgm,0
4477.pgm,0
4478.pgm,0
4479.pgm,0
4480.pgm,0
4481.pgm,0
4482.pgm,0
4483.pgm,0
4484.pgm,0
4485.pgm,0
4486.pgm,0
4487.pgm,0
4488.pgm,0
4489.pgm,0
4490.pgm,0
4491.pgm,0
4492.pgm,0
4493.pgm,0
4494.pgm,0
4495.pgm,0
4496.pgm,0
4497.pgm,0
4498.pgm,0
4499.pgm,0
4500.pgm,0
4501.pgm,0
4502.pgm,0
4503.pgm,0
4504.pgm,0
4505.pgm,0
4506.pgm,0
4507.pgm,0
4508.pgm,0
4509.pgm,0
4510.pgm,0
4511.pgm,0
4512.pgm,0
4513.pgm,0
4514.pgm,0
4515.pgm,0
4516.pgm,0
4517.pgm,0
4518.pgm,0
4519.pgm,0
4520.pgm,0
4521.pgm,0
4522.pgm,0
4523.pgm,0
4524.pgm,0
4525.pgm,0
4526.pgm,0
4527.pgm,0
4528.pgm,0
4529.pgm,0
4530.pgm,0
4531.pgm,0
4532.pgm,0
4533.pgm,0
4534.pgm,0
4535.pgm,0
4536.pgm,0
4537.pgm,0
4538.pgm,0
4539.pgm,0
4540.pgm,0
4541.pgm,0
4542.pgm,0
4543.pgm,0
4544.pgm,0
4545.pgm,0
4546.pgm,0
4547.pgm,0
4548.pgm,0
4549.pgm,0
4550.pgm,0
4551.pgm,0
4552.pgm,0
4553.pgm,0
4554.pgm,0
4555.pgm,0
4556.pgm,0
4557.pgm,0
4558.pgm,0
4559.pgm,0
4560.pgm,0
4561.pgm,0
4562.pgm,0
4563.pgm,0
4564.pgm,0
4565.pgm,0
4566.pgm,0
4567.pgm,0
4568.pgm,0
4569.pgm,0
4570.pgm,0
4571.pgm,0
4572.pgm,0
4573.pgm,0
4574.pgm,0
4575.pgm,0
4576.pgm,0
4577.pgm,0
4578.pgm,0
4579.pgm,0
4580.pgm,0
4581.pgm,0
4582.pgm,0
4583.pgm,0
4584.pgm,0
4585.pgm,0
4586.pgm,0
4587.pgm,0
4588.pgm,0
4589.pgm,0
4590.pgm,0
4591.pgm,0
4592.pgm,0
4593.pgm,0
4594.pgm,0
4595.pgm,0
4596.pgm,0
4597.pgm,0
4598.pgm,0
4599.pgm,0
4600.pgm,0
4601.pgm,0
4602.pgm,0
4603.pgm,0
4604.pgm,0
4605.pgm,0
4606.pgm,0
4607.pgm,0
4608.pgm,0
4609.pgm,0
4610.pgm,0
4611.pgm,0
4612.pgm,0
4613.pgm,0
4614.pgm,0
4615.pgm,0
4616.pgm,0
4617.pgm,0
4618.pgm,0
4619.pgm,0
4620.pgm,0
4621.pgm,0
4622.pgm,0
4623.pgm,0
4624.pgm,0
4625.pgm,0
4626.pgm,0
4627.pgm,0
4628.pgm,0
4629.pgm,0
4630.pgm,0
4631.pgm,0
4632.pgm,0
4633.pgm,0
4634.pgm,0
4635.pgm,0
4636.pgm,0
4637.pgm,0
4638.pgm,0
4639.pgm,0
4640.pgm,0
4641.pgm,0
4642.pgm,0
4643.pgm,0
4644.pgm,0
4645.pgm,0
4646.pgm,0
4647.pgm,0
4648.pgm,0
4649.pgm,0
4650.pgm,0
4651.pgm,0
4652.pgm,0
4653.pgm,0
4654.pgm,0
4655.pgm,0
4656.pgm,0
4657.pgm,0
4658.pgm,0
4659.pgm,0
4660.pgm,0
4661.pgm,0
4662.pgm,0
4663.pgm,0
4664.pgm,0
4665.pgm,0
4666.pgm,0
4667.pgm,0
4668.pgm,0
4669.pgm,0
4670.pgm,0
4671.pgm,0
4672.pgm,0
4673.pgm,0
4674.pgm,0
4675.pgm,0
4676.pgm,0
4677.pgm,0
4678.pgm,0
4679.pgm,0
4680.pgm,0
4681.pgm,0
4682.pgm,0
4683.pgm,0
4684.pgm,0
4685.pgm,0
4686.pgm,0
4687.pgm,0
4688.pgm,0
4689.pgm,0
4690.pgm,0
4691.pgm,0
4692.pgm,0
4693.pgm,0
4694.pgm,0
4695.pgm,0
4696.pgm,0
4697.pgm,0
4698.pgm,0
4699.pgm,0
4700.pgm,0
4701.pgm,0
4702.pgm,0
4703.pgm,0
4704.pgm,0
4705.pgm,0
4706.pgm,0
4707.pgm,0
4708.pgm,0
4709.pgm,0
4710.pgm,0
4711.pgm,0
4712.pgm,0
4713.pgm,0
4714.pgm,0
4715.pgm,0
4716.pgm,0
4717.pgm,0
4718.pgm,0
4719.pgm,0
4720.pgm,0
4721.pgm,0
4722.pgm,0
4723.pgm,0
4724.pgm,0
4725.pgm,0
4726.pgm,0
4727.pgm,0
4728.pgm,0
4729.pgm,0
4730.pgm,0
4731.pgm,0
4732.pgm,0
4733.pgm,0
4734.pgm,0
4735.pgm,0
4736.pgm,0
4737.pgm,0
4738.pgm,0
4739.pgm,0
4740.pgm,0
4741.pgm,0
4742.pgm,0
4743.pgm,0
4744.pgm,0
4745.pgm,0
4746.pgm,0
4747.pgm,0
4748.pgm,0
4749.pgm,0
4750.pgm,0
4751.pgm,0
4752.pgm,0
4753.pgm,0
4754.pgm,0
4755.pgm,0
4756.pgm,0
4757.pgm,0
4758.pgm,0
4759.pgm,0
4760.pgm,0
4761.pgm,0
4762.pgm,0
4763.pgm,0
4764.pgm,0
4765.pgm,0
4766.pgm,0
4767.pgm,0
4768.pgm,0
4769.pgm,0
4770.pgm,0
4771.pgm,0
4772.pgm,0
4773.pgm,0
4774.pgm,0
4775.pgm,0
4776.pgm,0
4777.pgm,0
4778.pgm,0
4779.pgm,0
4780.pgm,0
4781.pgm,0
4782.pgm,0
4783.pgm,0
4784.pgm,0
4785.pgm,0
4786.pgm,0
4787.pgm,0
4788.pgm,0
4789.pgm,0
4790.pgm,0
4791.pgm,0
4792.pgm,0
4793.pgm,0
4794.pgm,0
4795.pgm,0
4796.pgm,0
4797.pgm,0
4798.pgm,0
4799.pgm,0
4800.pgm,0
4801.pgm,0
4802.pgm,0
4803.pgm,0
4804.pgm,0
4805.pgm,0
4806.pgm,0
4807.pgm,0
4808.pgm,0
4809.pgm,0
4810.pgm,0
4811.pgm,0
4812.pgm,0
4813.pgm,0
4814.pgm,0
4815.pgm,0
4816.pgm,0
4817.pgm,0
4818.pgm,0
4819.pgm,0
4820.pgm,0
4821.pgm,0
4822.pgm,0
4823.pgm,0
4824.pgm,0
4825.pgm,0
4826.pgm,0
4827.pgm,0
4828.pgm,0
4829.pgm,0
4830.pgm,0
4831.pgm,0
4832.pgm,0
4833.pgm,0
4834.pgm,0
4835.pgm,0
4836.pgm,0
4837.pgm,0
4838.pgm,0
4839.pgm,0
4840.pgm,0
4841.pgm,0
4842.pgm,0
4843.pgm,0
4844.pgm,0
4845.pgm,0
4846.pgm,0
4847.pgm,0
4848.pgm,0
4849.pgm,0
4850.pgm,0
4851.pgm,0
4852.pgm,0
4853.pgm,0
4854.pgm,0
4855.pgm,0
4856.pgm,0
4857.pgm,0
4858.pgm,0
4859.pgm,0
4860.pgm,0
4861.pgm,0
4862.pgm,0
4863.pgm,0
4864.pgm,0
4865.pgm,0
4866.pgm,0
4867.pgm,0
4868.pgm,0
4869.pgm,0
4870.pgm,0
4871.pgm,0
4872.pgm,0
4873.pgm,0
4874.pgm,0
4875.pgm,0
4876.pgm,0
4877.pgm,0
4878.pgm,0
4879.pgm,0
4880.pgm,0
4881.pgm,0
4882.pgm,0
4883.pgm,0
4884.pgm,0
4885.pgm,0
4886.pgm,0
4887.pgm,0
4888.pgm,0
4889.pgm,0
4890.pgm,0
4891.pgm,0
4892.pgm,0
4893.pgm,0
4894.pgm,0
4895.pgm,0
4896.pgm,0
4897.pgm,0
4898.pgm,0
4899.pgm,0
4900.pgm,0
4901.pgm,0
4902.pgm,0
4903.pgm,0
4904.pgm,0
4905.pgm,0
4906.pgm,0
4907.pgm,0
4908.pgm,0
4909.pgm,0
4910.pgm,0
4911.pgm,0
4912.pgm,0
4913.pgm,0
4914.pgm,0
4915.pgm,0
4916.pgm,0
4917.pgm,0
4918.pgm,0
4919.pgm,0
4920.pgm,0
4921.pgm,0
4922.pgm,0
4923.pgm,0
4924.pgm,0
4925.pgm,0
4926.pgm,0
4927.pgm,0
4928.pgm,0
4929.pgm,0
4930.pgm,0
4931.pgm,0
4932.pgm,0
4933.pgm,0
4934.pgm,0
4935.pgm,0
4936.pgm,0
4937.pgm,0
4938.pgm,0
4939.pgm,0
4940.pgm,0
4941.pgm,0
4942.pgm,0
4943.pgm,0
4944.pgm,0
4945.pgm,0
4946.pgm,0
4947.pgm,0
4948.pgm,0
4949.pgm,0
4950.pgm,0
4951.pgm,0
4952.pgm,0
4953.pgm,0
4954.pgm,0
4955.pgm,0
4956.pgm,0
4957.pgm,0
4958.pgm,0
4959.pgm,0
4960.pgm,0
4961.pgm,0
4962.pgm,0
4963.pgm,0
4964.pgm,0
4965.pgm,0
4966.pgm,0
4967.pgm,0
4968.pgm,0
4969.pgm,0
4970.pgm,0
4971.pgm,0
4972.pgm,0
4973.pgm,0
4974.pgm,0
4975.pgm,0
4976.pgm,0
4977.pgm,0
4978.pgm,0
4979.pgm,0
4980.pgm,0
4981.pgm,0
4982.pgm,0
4983.pgm,0
4984.pgm,0
4985.pgm,0
4986.pgm,0
4987.pgm,0
4988.pgm,0
4989.pgm,0
4990.pgm,0
4991.pgm,0
4992.pgm,0
4993.pgm,0
4994.pgm,0
4995.pgm,0
4996.pgm,0
4997.pgm,0
4998.pgm,0
4999.pgm,0
5000.pgm,0
5001.pgm,0
5002.pgm,0
5003.pgm,0
5004.pgm,0
5005.pgm,0
5006.pgm,0
5007.pgm,0
5008.pgm,0
5009.pgm,0
5010.pgm,0
5011.pgm,0
5012.pgm,0
5013.pgm,0
5014.pgm,0
5015.pgm,0
5016.pgm,0
5017.pgm,0
5018.pgm,0
5019.pgm,0
5020.pgm,0
5021.pgm,0
5022.pgm,0
5023.pgm,0
5024.pgm,0
5025.pgm,0
5026.pgm,0
5027.pgm,0
5028.pgm,0
5029.pgm,0
5030.pgm,0
5031.pgm,0
5032.pgm,0
5033.pgm,0
5034.pgm,0
5035.pgm,0
5036.pgm,0
5037.pgm,0
5038.pgm,0
5039.pgm,0
5040.pgm,0
5041.pgm,0
5042.pgm,0
5043.pgm,0
5044.pgm,0
5045.pgm,0
5046.pgm,0
5047.pgm,0
5048.pgm,0
5049.pgm,0
5050.pgm,0
5051.pgm,0
5052.pgm,0
5053.pgm,0
5054.pgm,0
5055.pgm,0
5056.pgm,0
5057.pgm,0
5058.pgm,0
5059.pgm,0
5060.pgm,0
5061.pgm,0
5062.pgm,0
5063.pgm,0
5064.pgm,0
5065.pgm,0
5066.pgm,0
5067.pgm,0
5068.pgm,0
5069.pgm,0
5070.pgm,0
5071.pgm,0
5072.pgm,0
5073.pgm,0
5074.pgm,0
5075.pgm,0
5076.pgm,0
5077.pgm,0
5078.pgm,0
5079.pgm,0
5080.pgm,0
5081.pgm,0
5082.pgm,0
5083.pgm,0
5084.pgm,0
5085.pgm,0
5086.pgm,0
5087.pgm,0
5088.pgm,0
5089.pgm,0
5090.pgm,0
5091.pgm,0
5092.pgm,0
5093.pgm,0
5094.pgm,0
5095.pgm,0
5096.pgm,0
5097.pgm,0
5098.pgm,0
5099.pgm,0
5100.pgm,0
5101.pgm,0
5102.pgm,0
5103.pgm,0
5104.pgm,0
5105.pgm,0
5106.pgm,0
5107.pgm,0
5108.pgm,0
5109.pgm,0
5110.pgm,0
5111.pgm,0
5112.pgm,0
5113.pgm,0
5114.pgm,0
5115.pgm,0
5116.pgm,0
5117.pgm,0
5118.pgm,0
5119.pgm,0
5120.pgm,0
5121.pgm,0
5122.pgm,0
5123.pgm,0
5124.pgm,0
5125.pgm,0
5126.pgm,0
5127.pgm,0
5128.pgm,0
5129.pgm,0
5130.pgm,0
5131.pgm,0
5132.pgm,0
5133.pgm,0
5134.pgm,0
5135.pgm,0
5136.pgm,0
5137.pgm,0
5138.pgm,0
5139.pgm,0
5140.pgm,0
5141.pgm,0
5142.pgm,0
5143.pgm,0
5144.pgm,0
5145.pgm,0
5146.pgm,0
5147.pgm,0
5148.pgm,0
5149.pgm,0
5150.pgm,0
5151.pgm,0
5152.pgm,0
5153.pgm,0
5154.pgm,0
5155.pgm,0
5156.pgm,0
5157.pgm,0
5158.pgm,0
5159.pgm,0
5160.pgm,0
5161.pgm,0
5162.pgm,0
5163.pgm,0
5164.pgm,0
5165.pgm,0
5166.pgm,0
5167.pgm,0
5168.pgm,0
5169.pgm,0
5170.pgm,0
5171.pgm,0
5172.pgm,0
5173.pgm,0
5174.pgm,0
5175.pgm,0
5176.pgm,0
5177.pgm,0
5178.pgm,0
5179.pgm,0
5180.pgm,0
5181.pgm,0
5182.pgm,0
5183.pgm,0
5184.pgm,0
5185.pgm,0
5186.pgm,0
5187.pgm,0
5188.pgm,0
5189.pgm,0
5190.pgm,0
5191.pgm,0
5192.pgm,0
5193.pgm,0
5194.pgm,0
5195.pgm,0
5196.pgm,0
5197.pgm,0
5198.pgm,0
5199.pgm,0
5200.pgm,0
5201.pgm,0
5202.pgm,0
5203.pgm,0
5204.pgm,0
5205.pgm,0
5206.pgm,0
5207.pgm,0
5208.pgm,0
5209.pgm,0
5210.pgm,0
5211.pgm,0
5212.pgm,0
5213.pgm,0
5214.pgm,0
5215.pgm,0
5216.pgm,0
5217.pgm,0
5218.pgm,0
5219.pgm,0
5220.pgm,0
5221.pgm,0
5222.pgm,0
5223.pgm,0
5224.pgm,0
5225.pgm,0
5226.pgm,0
5227.pgm,0
5228.pgm,0
5229.pgm,0
5230.pgm,0
5231.pgm,0
5232.pgm,0
5233.pgm,0
5234.pgm,0
5235.pgm,0
5236.pgm,0
5237.pgm,0
5238.pgm,0
5239.pgm,0
5240.pgm,0
5241.pgm,0
5242.pgm,0
5243.pgm,0
5244.pgm,0
5245.pgm,0
5246.pgm,0
5247.pgm,0
5248.pgm,0
5249.pgm,0
5250.pgm,0
5251.pgm,0
5252.pgm,0
5253.pgm,0
5254.pgm,0
5255.pgm,0
5256.pgm,0
5257.pgm,0
5258.pgm,0
5259.pgm,0
5260.pgm,0
5261.pgm,0
5262.pgm,0
5263.pgm,0
5264.pgm,0
5265.pgm,0
5266.pgm,0
5267.pgm,0
5268.pgm,0
5269.pgm,0
5270.pgm,0
5271.pgm,0
5272.pgm,0
5273.pgm,0
5274.pgm,0
5275.pgm,0
5276.pgm,0
5277.pgm,0
5278.pgm,0
5279.pgm,0
5280.pgm,0
5281.pgm,0
5282.pgm,0
5283.pgm,0
5284.pgm,0
5285.pgm,0
5286.pgm,0
5287.pgm,0
5288.pgm,0
5289.pgm,0
5290.pgm,0
5291.pgm,0
5292.pgm,0
5293.pgm,0
5294.pgm,0
5295.pgm,0
5296.pgm,0
5297.pgm,0
5298.pgm,0
5299.pgm,0
5300.pgm,0
5301.pgm,0
5302.pgm,0
5303.pgm,0
5304.pgm,0
5305.pgm,0
5306.pgm,0
5307.pgm,0
5308.pgm,0
5309.pgm,0
5310.pgm,0
5311.pgm,0
5312.pgm,0
5313.pgm,0
5314.pgm,0
5315.pgm,0
5316.pgm,0
5317.pgm,0
5318.pgm,0
5319.pgm,0
5320.pgm,0
5321.pgm,0
5322.pgm,0
5323.pgm,0
5324.pgm,0
5325.pgm,0
5326.pgm,0
5327.pgm,0
5328.pgm,0
5329.pgm,0
5330.pgm,0
5331.pgm,0
5332.pgm,0
5333.pgm,0
5334.pgm,0
5335.pgm,0
5336.pgm,0
5337.pgm,0
5338.pgm,0
5339.pgm,0
5340.pgm,0
5341.pgm,0
5342.pgm,0
5343.pgm,0
5344.pgm,0
5345.pgm,0
5346.pgm,0
5347.pgm,0
5348.pgm,0
5349.pgm,0
5350.pgm,0
5351.pgm,0
5352.pgm,0
5353.pgm,0
5354.pgm,0
5355.pgm,0
5356.pgm,0
5357.pgm,0
5358.pgm,0
5359.pgm,0
5360.pgm,0
5361.pgm,0
5362.pgm,0
5363.pgm,0
5364.pgm,0
5365.pgm,0
5366.pgm,0
5367.pgm,0
5368.pgm,0
5369.pgm,0
5370.pgm,0
5371.pgm,0
5372.pgm,0
5373.pgm,0
5374.pgm,0
5375.pgm,0
5376.pgm,0
5377.pgm,0
5378.pgm,0
5379.pgm,0
5380.pgm,0
5381.pgm,0
5382.pgm,0
5383.pgm,0
5384.pgm,0
5385.pgm,0
5386.pgm,0
5387.pgm,0
5388.pgm,0
5389.pgm,0
5390.pgm,0
5391.pgm,0
5392.pgm,0
5393.pgm,0
5394.pgm,0
5395.pgm,0
5396.pgm,0
5397.pgm,0
5398.pgm,0
5399.pgm,0
5400.pgm,0
5401.pgm,0
5402.pgm,0
5403.pgm,0
5404.pgm,0
5405.pgm,0
5406.pgm,0
5407.pgm,0
5408.pgm,0
5409.pgm,0
5410.pgm,0
5411.pgm,0
5412.pgm,0
5413.pgm,0
5414.pgm,0
5415.pgm,0
5416.pgm,0
5417.pgm,0
5418.pgm,0
5419.pgm,0
5420.pgm,0
5421.pgm,0
5422.pgm,0
5423.pgm,0
5424.pgm,0
5425.pgm,0
5426.pgm,0
5427.pgm,0
5428.pgm,0
5429.pgm,0
5430.pgm,0
5431.pgm,0
5432.pgm,0
5433.pgm,0
5434.pgm,0
5435.pgm,0
5436.pgm,0
5437.pgm,0
5438.pgm,0
5439.pgm,0
5440.pgm,0
5441.pgm,0
5442.pgm,0
5443.pgm,0
5444.pgm,0
5445.pgm,0
5446.pgm,0
5447.pgm,0
5448.pgm,0
5449.pgm,0
5450.pgm,0
5451.pgm,0
5452.pgm,0
5453.pgm,0
5454.pgm,0
5455.pgm,0
5456.pgm,0
5457.pgm,0
5458.pgm,0
5459.pgm,0
5460.pgm,0
5461.pgm,0
5462.pgm,0
5463.pgm,0
5464.pgm,0
5465.pgm,0
5466.pgm,0
5467.pgm,0
5468.pgm,0
5469.pgm,0
5470.pgm,0
5471.pgm,0
5472.pgm,0
5473.pgm,0
5474.pgm,0
5475.pgm,0
5476.pgm,0
5477.pgm,0
5478.pgm,0
5479.pgm,0
5480.pgm,0
5481.pgm,0
5482.pgm,0
5483.pgm,0
5484.pgm,0
5485.pgm,0
5486.pgm,0
5487.pgm,0
5488.pgm,0
5489.pgm,0
5490.pgm,0
5491.pgm,0
5492.pgm,0
5493.pgm,0
5494.pgm,0
5495.pgm,0
5496.pgm,0
5497.pgm,0
5498.pgm,0
5499.pgm,0
5500.pgm,0
5501.pgm,0
5502.pgm,0
5503.pgm,0
5504.pgm,0
5505.pgm,0
5506.pgm,0
5507.pgm,0
5508.pgm,0
5509.pgm,0
5510.pgm,0
5511.pgm,0
5512.pgm,0
5513.pgm,0
5514.pgm,0
5515.pgm,0
5516.pgm,0
5517.pgm,0
5518.pgm,0
5519.pgm,0
5520.pgm,0
5521.pgm,0
5522.pgm,0
5523.pgm,0
5524.pgm,0
5525.pgm,0
5526.pgm,0
5527.pgm,0
5528.pgm,0
5529.pgm,0
5530.pgm,0
5531.pgm,0
5532.pgm,0
5533.pgm,0
5534.pgm,0
5535.pgm,0
5536.pgm,0
5537.pgm,0
5538.pgm,0
5539.pgm,0
5540.pgm,0
5541.pgm,0
5542.pgm,0
5543.pgm,0
5544.pgm,0
5545.pgm,0
5546.pgm,0
5547.pgm,0
5548.pgm,0
5549.pgm,0
5550.pgm,0
5551.pgm,0
5552.pgm,0
5553.pgm,0
5554.pgm,0
5555.pgm,0
5556.pgm,0
5557.pgm,0
5558.pgm,0
5559.pgm,0
5560.pgm,0
5561.pgm,0
5562.pgm,0
5563.pgm,0
5564.pgm,0
5565.pgm,0
5566.pgm,0
5567.pgm,0
5568.pgm,0
5569.pgm,0
5570.pgm,0
5571.pgm,0
5572.pgm,0
5573.pgm,0
5574.pgm,0
5575.pgm,0
5576.pgm,0
5577.pgm,0
5578.pgm,0
5579.pgm,0
5580.pgm,0
5581.pgm,0
5582.pgm,0
5583.pgm,0
5584.pgm,0
5585.pgm,0
5586.pgm,0
5587.pgm,0
5588.pgm,0
5589.pgm,0
5590.pgm,0
5591.pgm,0
5592.pgm,0
5593.pgm,0
5594.pgm,0
5595.pgm,0
5596.pgm,0
5597.pgm,0
5598.pgm,0
5599.pgm,0
5600.pgm,0
5601.pgm,0
5602.pgm,0
5603.pgm,0
5604.pgm,0
5605.pgm,0
5606.pgm,0
5607.pgm,0
5608.pgm,0
5609.pgm,0
5610.pgm,0
5611.pgm,0
5612.pgm,0
5613.pgm,0
5614.pgm,0
5615.pgm,0
5616.pgm,0
5617.pgm,0
5618.pgm,0
5619.pgm,0
5620.pgm,0
5621.pgm,0
5622.pgm,0
5623.pgm,0
5624.pgm,0
5625.pgm,0
5626.pgm,0
5627.pgm,0
5628.pgm,0
5629.pgm,0
5630.pgm,0
5631.pgm,0
5632.pgm,0
5633.pgm,0
5634.pgm,0
5635.pgm,0
5636.pgm,0
5637.pgm,0
5638.pgm,0
5639.pgm,0
5640.pgm,0
5641.pgm,0
5642.pgm,0
5643.pgm,0
5644.pgm,0
5645.pgm,0
5646.pgm,0
5647.pgm,0
5648.pgm,0
5649.pgm,0
5650.pgm,0
5651.pgm,0
5652.pgm,0
5653.pgm,0
5654.pgm,0
5655.pgm,0
5656.pgm,0
5657.pgm,0
5658.pgm,0
5659.pgm,0
5660.pgm,0
5661.pgm,0
5662.pgm,0
5663.pgm,0
5664.pgm,0
5665.pgm,0
5666.pgm,0
5667.pgm,0
5668.pgm,0
5669.pgm,0
5670.pgm,0
5671.pgm,0
5672.pgm,0
5673.pgm,0
5674.pgm,0
5675.pgm,0
5676.pgm,0
5677.pgm,0
5678.pgm,0
5679.pgm,0
5680.pgm,0
5681.pgm,0
5682.pgm,0
5683.pgm,0
5684.pgm,0
5685.pgm,0
5686.pgm,0
5687.pgm,0
5688.pgm,0
5689.pgm,0
5690.pgm,0
5691.pgm,0
5692.pgm,0
5693.pgm,0
5694.pgm,0
5695.pgm,0
5696.pgm,0
5697.pgm,0
5698.pgm,0
5699.pgm,0
5700.pgm,0
5701.pgm,0
5702.pgm,0
5703.pgm,0
5704.pgm,0
5705.pgm,0
5706.pgm,0
5707.pgm,0
5708.pgm,0
5709.pgm,0
5710.pgm,0
5711.pgm,0
5712.pgm,0
5713.pgm,0
5714.pgm,0
5715.pgm,0
5716.pgm,0
5717.pgm,0
5718.pgm,0
5719.pgm,0
5720.pgm,0
5721.pgm,0
5722.pgm,0
5723.pgm,0
5724.pgm,0
5725.pgm,0
5726.pgm,0
5727.pgm,0
5728.pgm,0
5729.pgm,0
5730.pgm,0
5731.pgm,0
5732.pgm,0
5733.pgm,0
5734.pgm,0
5735.pgm,0
5736.pgm,0
5737.pgm,0
5738.pgm,0
5739.pgm,0
5740.pgm,0
5741.pgm,0
5742.pgm,0
5743.pgm,0
5744.pgm,0
5745.pgm,0
5746.pgm,0
5747.pgm,0
5748.pgm,0
5749.pgm,0
5750.pgm,0
5751.pgm,0
5752.pgm,0
5753.pgm,0
5754.pgm,0
5755.pgm,0
5756.pgm,0
5757.pgm,0
5758.pgm,0
5759.pgm,0
5760.pgm,0
5761.pgm,0
5762.pgm,0
5763.pgm,0
5764.pgm,0
5765.pgm,0
5766.pgm,0
5767.pgm,0
5768.pgm,0
5769.pgm,0
5770.pgm,0
5771.pgm,0
5772.pgm,0
5773.pgm,0
5774.pgm,0
5775.pgm,0
5776.pgm,0
5777.pgm,0
5778.pgm,0
5779.pgm,0
5780.pgm,0
5781.pgm,0
5782.pgm,0
5783.pgm,0
5784.pgm,0
5785.pgm,0
5786.pgm,0
5787.pgm,0
5788.pgm,0
5789.pgm,0
5790.pgm,0
5791.pgm,0
5792.pgm,0
5793.pgm,0
5794.pgm,0
5795.pgm,0
5796.pgm,0
5797.pgm,0
5798.pgm,0
5799.pgm,0
5800.pgm,0
5801.pgm,0
5802.pgm,0
5803.pgm,0
5804.pgm,0
5805.pgm,0
5806.pgm,0
5807.pgm,0
5808.pgm,0
5809.pgm,0
5810.pgm,0
5811.pgm,0
5812.pgm,0
5813.pgm,0
5814.pgm,0
5815.pgm,0
5816.pgm,0
5817.pgm,0
5818.pgm,0
5819.pgm,0
5820.pgm,0
5821.pgm,0
5822.pgm,0
5823.pgm,0
5824.pgm,0
5825.pgm,0
5826.pgm,0
5827.pgm,0
5828.pgm,0
5829.pgm,0
5830.pgm,0
5831.pgm,0
5832.pgm,0
5833.pgm,0
5834.pgm,0
5835.pgm,0
5836.pgm,0
5837.pgm,0
5838.pgm,0
5839.pgm,0
5840.pgm,0
5841.pgm,0
5842.pgm,0
5843.pgm,0
5844.pgm,0
5845.pgm,0
5846.pgm,0
5847.pgm,0
5848.pgm,0
5849.pgm,0
5850.pgm,0
5851.pgm,0
5852.pgm,0
5853.pgm,0
5854.pgm,0
5855.pgm,0
5856.pgm,0
5857.pgm,0
5858.pgm,0
5859.pgm,0
5860.pgm,0
5861.pgm,0
5862.pgm,0
5863.pgm,0
5864.pgm,0
5865.pgm,0
5866.pgm,0
5867.pgm,0
5868.pgm,0
5869.pgm,0
5870.pgm,0
5871.pgm,0
5872.pgm,0
5873.pgm,0
5874.pgm,0
5875.pgm,0
5876.pgm,0
5877.pgm,0
5878.pgm,0
5879.pgm,0
5880.pgm,0
5881.pgm,0
5882.pgm,0
5883.pgm,0
5884.pgm,0
5885.pgm,0
5886.pgm,0
5887.pgm,0
5888.pgm,0
5889.pgm,0
5890.pgm,0
5891.pgm,0
5892.pgm,0
5893.pgm,0
5894.pgm,0
5895.pgm,0
5896.pgm,0
5897.pgm,0
5898.pgm,0
5899.pgm,0
5900.pgm,0
5901.pgm,0
5902.pgm,0
5903.pgm,0
5904.pgm,0
5905.pgm,0
5906.pgm,0
5907.pgm,0
5908.pgm,0
5909.pgm,0
5910.pgm,0
5911.pgm,0
5912.pgm,0
5913.pgm,0
5914.pgm,0
5915.pgm,0
5916.pgm,0
5917.pgm,0
5918.pgm,0
5919.pgm,0
5920.pgm,0
5921.pgm,0
5922.pgm,0
5923.pgm,0
5924.pgm,0
5925.pgm,0
5926.pgm,0
5927.pgm,0
5928.pgm,0
5929.pgm,0
5930.pgm,0
5931.pgm,0
5932.pgm,0
5933.pgm,0
5934.pgm,0
5935.pgm,0
5936.pgm,0
5937.pgm,0
5938.pgm,0
5939.pgm,0
5940.pgm,0
5941.pgm,0
5942.pgm,0
5943.pgm,0
5944.pgm,0
5945.pgm,0
5946.pgm,0
5947.pgm,0
5948.pgm,0
5949.pgm,0
5950.pgm,0
5951.pgm,0
5952.pgm,0
5953.pgm,0
5954.pgm,0
5955.pgm,0
5956.pgm,0
5957.pgm,0
5958.pgm,0
5959.pgm,0
5960.pgm,0
5961.pgm,0
5962.pgm,0
5963.pgm,0
5964.pgm,0
5965.pgm,0
5966.pgm,0
5967.pgm,0
5968.pgm,0
5969.pgm,0
5970.pgm,0
5971.pgm,0
5972.pgm,0
5973.pgm,0
5974.pgm,0
5975.pgm,0
5976.pgm,0
5977.pgm,0
5978.pgm,0
5979.pgm,0
5980.pgm,0
5981.pgm,0
5982.pgm,0
5983.pgm,0
5984.pgm,0
5985.pgm,0
5986.pgm,0
5987.pgm,0
5988.pgm,0
5989.pgm,0
5990.pgm,0
5991.pgm,0
5992.pgm,0
5993.pgm,0
5994.pgm,0
5995.pgm,0
5996.pgm,0
5997.pgm,0
5998.pgm,0
5999.pgm,0
6000.pgm,0
6001.pgm,0
6002.pgm,0
6003.pgm,0
6004.pgm,0
6005.pgm,0
6006.pgm,0
6007.pgm,0
6008.pgm,0
6009.pgm,0
6010.pgm,0
6011.pgm,0
6012.pgm,0
6013.pgm,0
6014.pgm,0
6015.pgm,0
6016.pgm,0
6017.pgm,0
6018.pgm,0
6019.pgm,0
6020.pgm,0
6021.pgm,0
6022.pgm,0
6023.pgm,0
6024.pgm,0
6025.pgm,0
6026.pgm,0
6027.pgm,0
6028.pgm,0
6029.pgm,0
6030.pgm,0
6031.pgm,0
6032.pgm,0
6033.pgm,0
6034.pgm,0
6035.pgm,0
6036.pgm,0
6037.pgm,0
6038.pgm,0
6039.pgm,0
6040.pgm,0
6041.pgm,0
6042.pgm,0
6043.pgm,0
6044.pgm,0
6045.pgm,0
6046.pgm,0
6047.pgm,0
6048.pgm,0
6049.pgm,0
6050.pgm,0
6051.pgm,0
6052.pgm,0
6053.pgm,0
6054.pgm,0
6055.pgm,0
6056.pgm,0
6057.pgm,0
6058.pgm,0
6059.pgm,0
6060.pgm,0
6061.pgm,0
6062.pgm,0
6063.pgm,0
6064.pgm,0
6065.pgm,0
6066.pgm,0
6067.pgm,0
6068.pgm,0
6069.pgm,0
6070.pgm,0
6071.pgm,0
6072.pgm,0
6073.pgm,0
6074.pgm,0
6075.pgm,0
6076.pgm,0
6077.pgm,0
6078.pgm,0
6079.pgm,0
6080.pgm,0
6081.pgm,0
6082.pgm,0
6083.pgm,0
6084.pgm,0
6085.pgm,0
6086.pgm,0
6087.pgm,0
6088.pgm,0
6089.pgm,0
6090.pgm,0
6091.pgm,0
6092.pgm,0
6093.pgm,0
6094.pgm,0
6095.pgm,0
6096.pgm,0
6097.pgm,0
6098.pgm,0
6099.pgm,0
6100.pgm,0
6101.pgm,0
6102.pgm,0
6103.pgm,0
6104.pgm,0
6105.pgm,0
6106.pgm,0
6107.pgm,0
6108.pgm,0
6109.pgm,0
6110.pgm,0
6111.pgm,0
6112.pgm,0
6113.pgm,0
6114.pgm,0
6115.pgm,0
6116.pgm,0
6117.pgm,0
6118.pgm,0
6119.pgm,0
6120.pgm,0
6121.pgm,0
6122.pgm,0
6123.pgm,0
6124.pgm,0
6125.pgm,0
6126.pgm,0
6127.pgm,0
6128.pgm,0
6129.pgm,0
6130.pgm,0
6131.pgm,0
6132.pgm,0
6133.pgm,0
6134.pgm,0
6135.pgm,0
6136.pgm,0
6137.pgm,0
6138.pgm,0
6139.pgm,0
6140.pgm,0
6141.pgm,0
6142.pgm,0
6143.pgm,0
6144.pgm,0
6145.pgm,0
6146.pgm,0
6147.pgm,0
6148.pgm,0
6149.pgm,0
6150.pgm,0
6151.pgm,0
6152.pgm,0
6153.pgm,0
6154.pgm,0
6155.pgm,0
6156.pgm,0
6157.pgm,0
6158.pgm,0
6159.pgm,0
6160.pgm,0
6161.pgm,0
6162.pgm,0
6163.pgm,0
6164.pgm,0
6165.pgm,0
6166.pgm,0
6167.pgm,0
6168.pgm,0
6169.pgm,0
6170.pgm,0
6171.pgm,0
6172.pgm,0
6173.pgm,0
6174.pgm,0
6175.pgm,0
6176.pgm,0
6177.pgm,0
6178.pgm,0
6179.pgm,0
6180.pgm,0
6181.pgm,0
6182.pgm,0
6183.pgm,0
6184.pgm,0
6185.pgm,0
6186.pgm,0
6187.pgm,0
6188.pgm,0
6189.pgm,0
6190.pgm,0
6191.pgm,0
6192.pgm,0
6193.pgm,0
6194.pgm,0
6195.pgm,0
6196.pgm,0
6197.pgm,0
6198.pgm,0
6199.pgm,0
6200.pgm,0
6201.pgm,0
6202.pgm,0
6203.pgm,0
6204.pgm,0
6205.pgm,0
6206.pgm,0
6207.pgm,0
6208.pgm,0
6209.pgm,0
6210.pgm,0
6211.pgm,0
6212.pgm,0
6213.pgm,0
6214.pgm,0
6215.pgm,0
6216.pgm,0
6217.pgm,0
6218.pgm,0
6219.pgm,0
6220.pgm,0
6221.pgm,0
6222.pgm,0
6223.pgm,0
6224.pgm,0
6225.pgm,0
6226.pgm,0
6227.pgm,0
6228.pgm,0
6229.pgm,0
6230.pgm,0
6231.pgm,0
6232.pgm,0
6233.pgm,0
6234.pgm,0
6235.pgm,0
6236.pgm,0
6237.pgm,0
6238.pgm,0
6239.pgm,0
6240.pgm,0
6241.pgm,0
6242.pgm,0
6243.pgm,0
6244.pgm,0
6245.pgm,0
6246.pgm,0
6247.pgm,0
6248.pgm,0
6249.pgm,0
6250.pgm,0
6251.pgm,0
6252.pgm,0
6253.pgm,0
6254.pgm,0
6255.pgm,0
6256.pgm,0
6257.pgm,0
6258.pgm,0
6259.pgm,0
6260.pgm,0
6261.pgm,0
6262.pgm,0
6263.pgm,0
6264.pgm,0
6265.pgm,0
6266.pgm,0
6267.pgm,0
6268.pgm,0
6269.pgm,0
6270.pgm,0
6271.pgm,0
6272.pgm,0
6273.pgm,0
6274.pgm,0
6275.pgm,0
6276.pgm,0
6277.pgm,0
6278.pgm,0
6279.pgm,0
6280.pgm,0
6281.pgm,0
6282.pgm,0
6283.pgm,0
6284.pgm,0
6285.pgm,0
6286.pgm,0
6287.pgm,0
6288.pgm,0
6289.pgm,0
6290.pgm,0
6291.pgm,0
6292.pgm,0
6293.pgm,0
6294.pgm,0
6295.pgm,0
6296.pgm,0
6297.pgm,0
6298.pgm,0
6299.pgm,0
6300.pgm,0
6301.pgm,0
6302.pgm,0
6303.pgm,0
6304.pgm,0
6305.pgm,0
6306.pgm,0
6307.pgm,0
6308.pgm,0
6309.pgm,0
6310.pgm,0
6311.pgm,0
6312.pgm,0
6313.pgm,0
6314.pgm,0
6315.pgm,0
6316.pgm,0
6317.pgm,0
6318.pgm,0
6319.pgm,0
6320.pgm,0
6321.pgm,0
6322.pgm,0
6323.pgm,0
6324.pgm,0
6325.pgm,0
6326.pgm,0
6327.pgm,0
6328.pgm,0
6329.pgm,0
6330.pgm,0
6331.pgm,0
6332.pgm,0
6333.pgm,0
6334.pgm,0
6335.pgm,0
6336.pgm,0
6337.pgm,0
6338.pgm,0
6339.pgm,0
6340.pgm,0
6341.pgm,0
6342.pgm,0
6343.pgm,0
6344.pgm,0
6345.pgm,0
6346.pgm,0
6347.pgm,0
6348.pgm,0
6349.pgm,0
6350.pgm,0
6351.pgm,0
6352.pgm,0
6353.pgm,0
6354.pgm,0
6355.pgm,0
6356.pgm,0
6357.pgm,0
6358.pgm,0
6359.pgm,0
6360.pgm,0
6361.pgm,0
6362.pgm,0
6363.pgm,0
6364.pgm,0
6365.pgm,0
6366.pgm,0
6367.pgm,0
6368.pgm,0
6369.pgm,0
6370.pgm,0
6371.pgm,0
6372.pgm,0
6373.pgm,0
6374.pgm,0
6375.pgm,0
6376.pgm,0
6377.pgm,0
6378.pgm,0
6379.pgm,0
6380.pgm,0
6381.pgm,0
6382.pgm,0
6383.pgm,0
6384.pgm,0
6385.pgm,0
6386.pgm,0
6387.pgm,0
6388.pgm,0
6389.pgm,0
6390.pgm,0
6391.pgm,0
6392.pgm,0
6393.pgm,0
6394.pgm,0
6395.pgm,0
6396.pgm,0
6397.pgm,0
6398.pgm,0
6399.pgm,0
6400.pgm,0
6401.pgm,0
6402.pgm,0
6403.pgm,0
6404.pgm,0
6405.pgm,0
6406.pgm,0
6407.pgm,0
6408.pgm,0
6409.pgm,0
6410.pgm,0
6411.pgm,0
6412.pgm,0
6413.pgm,0
6414.pgm,0
6415.pgm,0
6416.pgm,0
6417.pgm,0
6418.pgm,0
6419.pgm,0
6420.pgm,0
6421.pgm,0
6422.pgm,0
6423.pgm,0
6424.pgm,0
6425.pgm,0
6426.pgm,0
6427.pgm,0
6428.pgm,0
6429.pgm,0
6430.pgm,0
6431.pgm,0
6432.pgm,0
6433.pgm,0
6434.pgm,0
6435.pgm,0
6436.pgm,0
6437.pgm,0
6438.pgm,0
6439.pgm,0
6440.pgm,0
6441.pgm,0
6442.pgm,0
6443.pgm,0
6444.pgm,0
6445.pgm,0
6446.pgm,0
6447.pgm,0
6448.pgm,0
6449.pgm,0
6450.pgm,0
6451.pgm,0
6452.pgm,0
6453.pgm,0
6454.pgm,0
6455.pgm,0
6456.pgm,0
6457.pgm,0
6458.pgm,0
6459.pgm,0
6460.pgm,0
6461.pgm,0
6462.pgm,0
6463.pgm,0
6464.pgm,0
6465.pgm,0
6466.pgm,0
6467.pgm,0
6468.pgm,0
6469.pgm,0
6470.pgm,0
6471.pgm,0
6472.pgm,0
6473.pgm,0
6474.pgm,0
6475.pgm,0
6476.pgm,0
6477.pgm,0
6478.pgm,0
6479.pgm,0
6480.pgm,0
6481.pgm,0
6482.pgm,0
6483.pgm,0
6484.pgm,0
6485.pgm,0
6486.pgm,0
6487.pgm,0
6488.pgm,0
6489.pgm,0
6490.pgm,0
6491.pgm,0
6492.pgm,0
6493.pgm,0
6494.pgm,0
6495.pgm,0
6496.pgm,0
6497.pgm,0
6498.pgm,0
6499.pgm,0
6500.pgm,0
6501.pgm,0
6502.pgm,0
6503.pgm,0
6504.pgm,0
6505.pgm,0
6506.pgm,0
6507.pgm,0
6508.pgm,0
6509.pgm,0
6510.pgm,0
6511.pgm,0
6512.pgm,0
6513.pgm,0
6514.pgm,0
6515.pgm,0
6516.pgm,0
6517.pgm,0
6518.pgm,0
6519.pgm,0
6520.pgm,0
6521.pgm,0
6522.pgm,0
6523.pgm,0
6524.pgm,0
6525.pgm,0
6526.pgm,0
6527.pgm,0
6528.pgm,0
6529.pgm,0
6530.pgm,0
6531.pgm,0
6532.pgm,0
6533.pgm,0
6534.pgm,0
6535.pgm,0
6536.pgm,0
6537.pgm,0
6538.pgm,0
6539.pgm,0
6540.pgm,0
6541.pgm,0
6542.pgm,0
6543.pgm,0
6544.pgm,0
6545.pgm,0
6546.pgm,0
6547.pgm,0
6548.pgm,0
6549.pgm,0
6550.pgm,0
6551.pgm,0
6552.pgm,0
6553.pgm,0
6554.pgm,0
6555.pgm,0
6556.pgm,0
6557.pgm,0
6558.pgm,0
6559.pgm,0
6560.pgm,0
6561.pgm,0
6562.pgm,0
6563.pgm,0
6564.pgm,0
6565.pgm,0
6566.pgm,0
6567.pgm,0
6568.pgm,0
6569.pgm,0
6570.pgm,0
6571.pgm,0
6572.pgm,0
6573.pgm,0
6574.pgm,0
6575.pgm,0
6576.pgm,0
6577.pgm,0
6578.pgm,0
6579.pgm,0
6580.pgm,0
6581.pgm,0
6582.pgm,0
6583.pgm,0
6584.pgm,0
6585.pgm,0
6586.pgm,0
6587.pgm,0
6588.pgm,0
6589.pgm,0
6590.pgm,0
6591.pgm,0
6592.pgm,0
6593.pgm,0
6594.pgm,0
6595.pgm,0
6596.pgm,0
6597.pgm,0
6598.pgm,0
6599.pgm,0
6600.pgm,0
6601.pgm,0
6602.pgm,0
6603.pgm,0
6604.pgm,0
6605.pgm,0
6606.pgm,0
6607.pgm,0
6608.pgm,0
6609.pgm,0
6610.pgm,0
6611.pgm,0
6612.pgm,0
6613.pgm,0
6614.pgm,0
6615.pgm,0
6616.pgm,0
6617.pgm,0
6618.pgm,0
6619.pgm,0
6620.pgm,0
6621.pgm,0
6622.pgm,0
6623.pgm,0
6624.pgm,0
6625.pgm,0
6626.pgm,0
6627.pgm,0
6628.pgm,0
6629.pgm,0
6630.pgm,0
6631.pgm,0
6632.pgm,0
6633.pgm,0
6634.pgm,0
6635.pgm,0
6636.pgm,0
6637.pgm,0
6638.pgm,0
6639.pgm,0
6640.pgm,0
6641.pgm,0
6642.pgm,0
6643.pgm,0
6644.pgm,0
6645.pgm,0
6646.pgm,0
6647.pgm,0
6648.pgm,0
6649.pgm,0
6650.pgm,0
6651.pgm,0
6652.pgm,0
6653.pgm,0
6654.pgm,0
6655.pgm,0
6656.pgm,0
6657.pgm,0
6658.pgm,0
6659.pgm,0
6660.pgm,0
6661.pgm,0
6662.pgm,0
6663.pgm,0
6664.pgm,0
6665.pgm,0
6666.pgm,0
6667.pgm,0
6668.pgm,0
6669.pgm,0
6670.pgm,0
6671.pgm,0
6672.pgm,0
6673.pgm,0
6674.pgm,0
6675.pgm,0
6676.pgm,0
6677.pgm,0
6678.pgm,0
6679.pgm,0
6680.pgm,0
6681.pgm,0
6682.pgm,0
6683.pgm,0
6684.pgm,0
6685.pgm,0
6686.pgm,0
6687.pgm,0
6688.pgm,0
6689.pgm,0
6690.pgm,0
6691.pgm,0
6692.pgm,0
6693.pgm,0
6694.pgm,0
6695.pgm,0
6696.pgm,0
6697.pgm,0
6698.pgm,0
6699.pgm,0
6700.pgm,0
6701.pgm,0
6702.pgm,0
6703.pgm,0
6704.pgm,0
6705.pgm,0
6706.pgm,0
6707.pgm,0
6708.pgm,0
6709.pgm,0
6710.pgm,0
6711.pgm,0
6712.pgm,0
6713.pgm,0
6714.pgm,0
6715.pgm,0
6716.pgm,0
6717.pgm,0
6718.pgm,0
6719.pgm,0
6720.pgm,0
6721.pgm,0
6722.pgm,0
6723.pgm,0
6724.pgm,0
6725.pgm,0
6726.pgm,0
6727.pgm,0
6728.pgm,0
6729.pgm,0
6730.pgm,0
6731.pgm,0
6732.pgm,0
6733.pgm,0
6734.pgm,0
6735.pgm,0
6736.pgm,0
6737.pgm,0
6738.pgm,0
6739.pgm,0
6740.pgm,0
6741.pgm,0
6742.pgm,0
6743.pgm,0
6744.pgm,0
6745.pgm,0
6746.pgm,0
6747.pgm,0
6748.pgm,0
6749.pgm,0
6750.pgm,0
6751.pgm,0
6752.pgm,0
6753.pgm,0
6754.pgm,0
6755.pgm,0
6756.pgm,0
6757.pgm,0
6758.pgm,0
6759.pgm,0
6760.pgm,0
6761.pgm,0
6762.pgm,0
6763.pgm,0
6764.pgm,0
6765.pgm,0
6766.pgm,0
6767.pgm,0
6768.pgm,0
6769.pgm,0
6770.pgm,0
6771.pgm,0
6772.pgm,0
6773.pgm,0
6774.pgm,0
6775.pgm,0
6776.pgm,0
6777.pgm,0
6778.pgm,0
6779.pgm,0
6780.pgm,0
6781.pgm,0
6782.pgm,0
6783.pgm,0
6784.pgm,0
6785.pgm,0
6786.pgm,0
6787.pgm,0
6788.pgm,0
6789.pgm,0
6790.pgm,0
6791.pgm,0
6792.pgm,0
6793.pgm,0
6794.pgm,0
6795.pgm,0
6796.pgm,0
6797.pgm,0
6798.pgm,0
6799.pgm,0
6800.pgm,0
6801.pgm,0
6802.pgm,0
6803.pgm,0
6804.pgm,0
6805.pgm,0
6806.pgm,0
6807.pgm,0
6808.pgm,0
6809.pgm,0
6810.pgm,0
6811.pgm,0
6812.pgm,0
6813.pgm,0
6814.pgm,0
6815.pgm,0
6816.pgm,0
6817.pgm,0
6818.pgm,0
6819.pgm,0
6820.pgm,0
6821.pgm,0
6822.pgm,0
6823.pgm,0
6824.pgm,0
6825.pgm,0
6826.pgm,0
6827.pgm,0
6828.pgm,0
6829.pgm,0
6830.pgm,0
6831.pgm,0
6832.pgm,0
6833.pgm,0
6834.pgm,0
6835.pgm,0
6836.pgm,0
6837.pgm,0
6838.pgm,0
6839.pgm,0
6840.pgm,0
6841.pgm,0
6842.pgm,0
6843.pgm,0
6844.pgm,0
6845.pgm,0
6846.pgm,0
6847.pgm,0
6848.pgm,0
6849.pgm,0
6850.pgm,0
6851.pgm,0
6852.pgm,0
6853.pgm,0
6854.pgm,0
6855.pgm,0
6856.pgm,0
6857.pgm,0
6858.pgm,0
6859.pgm,0
6860.pgm,0
6861.pgm,0
6862.pgm,0
6863.pgm,0
6864.pgm,0
6865.pgm,0
6866.pgm,0
6867.pgm,0
6868.pgm,0
6869.pgm,0
6870.pgm,0
6871.pgm,0
6872.pgm,0
6873.pgm,0
6874.pgm,0
6875.pgm,0
6876.pgm,0
6877.pgm,0
6878.pgm,0
6879.pgm,0
6880.pgm,0
6881.pgm,0
6882.pgm,0
6883.pgm,0
6884.pgm,0
6885.pgm,0
6886.pgm,0
6887.pgm,0
6888.pgm,0
6889.pgm,0
6890.pgm,0
6891.pgm,0
6892.pgm,0
6893.pgm,0
6894.pgm,0
6895.pgm,0
6896.pgm,0
6897.pgm,0
6898.pgm,0
6899.pgm,0
6900.pgm,0
6901.pgm,0
6902.pgm,0
6903.pgm,0
6904.pgm,0
6905.pgm,0
6906.pgm,0
6907.pgm,0
6908.pgm,0
6909.pgm,0
6910.pgm,0
6911.pgm,0
6912.pgm,0
6913.pgm,0
6914.pgm,0
6915.pgm,0
6916.pgm,0
6917.pgm,0
6918.pgm,0
6919.pgm,0
6920.pgm,0
6921.pgm,0
6922.pgm,0
6923.pgm,0
6924.pgm,0
6925.pgm,0
6926.pgm,0
6927.pgm,0
6928.pgm,0
6929.pgm,0
6930.pgm,0
6931.pgm,0
6932.pgm,0
6933.pgm,0
6934.pgm,0
6935.pgm,0
6936.pgm,0
6937.pgm,0
6938.pgm,0
6939.pgm,0
6940.pgm,0
6941.pgm,0
6942.pgm,0
6943.pgm,0
6944.pgm,0
6945.pgm,0
6946.pgm,0
6947.pgm,0
6948.pgm,0
6949.pgm,0
6950.pgm,0
6951.pgm,0
6952.pgm,0
6953.pgm,0
6954.pgm,0
6955.pgm,0
6956.pgm,0
6957.pgm,0
6958.pgm,0
6959.pgm,0
6960.pgm,0
6961.pgm,0
6962.pgm,0
6963.pgm,0
6964.pgm,0
6965.pgm,0
6966.pgm,0
6967.pgm,0
6968.pgm,0
6969.pgm,0
6970.pgm,0
6971.pgm,0
6972.pgm,0
6973.pgm,0
6974.pgm,0
6975.pgm,0
6976.pgm,0
